Year,Prod_Description (SKU),Payment_Mode,Order_Number,Order_Value,Order_Status,Street_Name,City,State,Pin_Code,Contact_Number,Tracking_ID,Customer_Type,Multiple_Item,Class_RWOD
2021,SHO-M-BLK-XL-LT,Pre-Paid,ORD202101001,"?3,022.43",Returned-Undelivered,Anna Salai 216,Jaipur,Rajasthan,,9836364700,77276847,New,1,1
2021,SRE-U-WHT-M-HV,COD,ORD202101002,"?3,933.92",Delivered,Linking Rd 170,Coimbatore,Tamil Nadu,574925,7439297300,EZ361992,Existing,0,0
2021,TSH-U-GRN-XL-MD,Pre-Paid,ORD202101003,"?5,315.09",Delivered,Sector 15 206,Ludhiana,Punjab,717952,8288484300,EZ130813,Existing,0,0
2021,JNS-F-WHT-XS-HV,COD,ORD202101004,"?1,058.37",Delivered,Rajaji Nagar 172,Ludhiana,Punjab,485321,9456559300,85387117,Existing,0,0
2021,WAT-U-GRN-XL-MD,COD,ORD202101005,"?4,253.87",Returned-Undelivered,FC Road 124,Kolkata,West Bengal,394897,6912475900,53640209,Existing,0,1
2021,SHO-M-GRN-S-LT,Pre-Paid,ORD202101006,"?2,390.05",In-Transit,Civil Lines 138,Ahmedabad,Gujarat,151381,9975459700,SF282411,New,0,0
2021,SRE-F-NVY-M-LT,COD,ORD202101007,"?2,765.46",Delivered,Brigade Rd 24,Ludhiana,Punjab,403307,7636928300,85163148,Existing,0,0
2021,TSH-U-BLK-S-HV,COD,ORD202101008,"?4,652.69",Delivered,Park Street 79,Gurugram,Haryana,,7433952200,10502325,New,1,0
2021,WAT-M-WHT-L-LT,Pre-Paid,ORD202101009,"?3,319.14",Delivered,Camp 139,New Delhi,Delhi,,7725187700,EZ823908,Existing,0,0
2021,WAT-F-BLK-M-LT,Pre-Paid,ORD202101010,"?4,391.74",Delivered,Sector 15 122,Jaipur,Rajasthan,288491,6868192300,77909471,New,0,0
2021,SHO-F-BLU-L-LT,COD,ORD202101011,"?4,199.25",Returned-Undelivered,MG Road 73,Noida,Uttar Pradesh,295384,6840888100,19295785,Existing,0,1
2021,KRT-U-GRN-S-MD,COD,ORD202101012,"?1,739.62",Returned-Undelivered,Civil Lines 58,Noida,Uttar Pradesh,419753,9132708700,SF143776,Existing,0,1
2021,KRT-F-GRN-S-LT,COD,ORD202101013,"?1,903.36",Delivered,Camp 29,Hyderabad,Telangana,237576,8643878100,53680218,New,0,0
2021,WAT-F-RED-XS-LT,Pre-Paid,ORD202101014,"?5,341.63",Delivered,Camp 124,Gurugram,Haryana,561835,9328444300,SF866062,Existing,0,0
2021,KRT-U-BLU-M-LT,Pre-Paid,ORD202101015,"?3,177.03",Delivered,Rajaji Nagar 132,New Delhi,Delhi,145897,9113594500,SF266257,New,0,0
2021,TOP-U-RED-XS-LT,COD,ORD202101016,"?1,310.57",Delivered,MG Road 236,Lucknow,Uttar Pradesh,551345,,77729771,Existing,0,0
2021,JNS-U-WHT-S-MD,COD,ORD202101017,"?2,838.18",Delivered,Camp 35,New Delhi,Delhi,785102,8990098200,55697002,Existing,0,0
2021,JNS-F-PNK-XXL-MD,COD,ORD202101018,?412.44,Returned-After-Delivery,Camp 183,Jaipur,Rajasthan,649099,,SF236075,New,0,0
2021,WAT-F-GRY-XXL-HV,COD,ORD202101019,"?5,842.84",Returned-Undelivered,Civil Lines 248,Hyderabad,Telangana,497249,8637133500,55117129,New,0,1
2021,BAG-U-WHT-XS-MD,Pre-Paid,ORD202101020,?392.67,Delivered,Indiranagar 112,Kochi,Kerala,258193,7118126900,77273180,Existing,0,0
2021,TOP-U-GRN-XS-LT,COD,ORD202101021,"?5,756.36",Returned-Undelivered,Civil Lines 186,Coimbatore,Tamil Nadu,375431,9989022700,EZ902430,New,1,1
2021,JNS-F-GRY-M-LT,Pre-Paid,ORD202101022,?446.46,Delivered,MG Road 89,Gurugram,Haryana,445075,8709776100,53311610,New,0,0
2021,SRE-F-WHT-M-MD,COD,ORD202101023,"?2,677.79",Delivered,Camp 36,Ludhiana,Punjab,393070,9546089500,85329695,New,0,0
2021,DRS-U-PNK-XS-LT,Pre-Paid,ORD202101024,"?1,319.22",Delivered,Brigade Rd 81,New Delhi,Delhi,551763,9831870100,FX611602,New,0,0
2021,SHO-M-GRN-M-MD,Pre-Paid,ORD202101025,"?3,349.00",Delivered,FC Road 15,New Delhi,Delhi,730515,9963009100,85978771,New,0,0
2021,TOP-M-WHT-M-MD,COD,ORD202101026,"?5,014.07",Delivered,Marine Drive 43,Jaipur,Rajasthan,749906,7601048900,DL653949,Existing,0,0
2021,JNS-M-PNK-S-LT,COD,ORD202101027,"?3,713.78",Delivered,Indiranagar 43,Kolkata,West Bengal,560121,8434482300,19952027,Existing,1,0
2021,JNS-F-GRY-XXL-MD,COD,ORD202101028,"?1,370.61",Returned-Undelivered,Camp 141,Kolkata,West Bengal,139480,7149158900,SF786785,Existing,0,1
2021,SRE-U-RED-L-MD,COD,ORD202101029,"?1,278.72",Returned-Undelivered,Anna Salai 150,Coimbatore,Tamil Nadu,348526,6636265900,55400719,Existing,0,1
2021,BAG-M-BLU-L-MD,COD,ORD202101030,"?2,521.35",Returned-Undelivered,Civil Lines 209,Ahmedabad,Gujarat,277874,9927547300,DL149625,New,0,1
2021,JKT-M-GRY-XS-MD,Pre-Paid,ORD202101031,"?5,304.26",Delivered,Indiranagar 225,Kochi,Kerala,118649,8624756700,13242013,Existing,0,0
2021,TOP-M-PNK-XXL-LT,COD,ORD202101032,"?1,356.70",Delivered,Civil Lines 36,New Delhi,Delhi,284496,7763830100,53405610,Existing,0,0
2021,BAG-M-NVY-M-LT,Pre-Paid,ORD202101033,"?5,227.63",Delivered,Camp 110,Kochi,Kerala,737349,8310905100,19363877,New,1,0
2021,KRT-M-PNK-XS-MD,Pre-Paid,ORD202101034,"?2,882.82",Delivered,FC Road 51,Jaipur,Rajasthan,248017,9542224900,DL385864,Existing,1,0
2021,TOP-U-RED-S-MD,COD,ORD202101035,"?2,583.54",Delivered,Rajaji Nagar 67,New Delhi,Delhi,342755,9245079100,85135187,Existing,0,0
2021,TSH-F-BLU-XXL-LT,COD,ORD202101036,"?4,070.41",Returned-After-Delivery,Anna Salai 15,Noida,Uttar Pradesh,131211,9668466100,XB700486,New,0,0
2021,DRS-M-RED-S-MD,Pre-Paid,ORD202101037,"?4,163.83",Delivered,Brigade Rd 198,Mysuru,Karnataka,414004,,13627067,Existing,0,0
2021,JKT-M-BLK-S-HV,COD,ORD202101038,"?3,070.45",Returned-Undelivered,Camp 37,Mysuru,Karnataka,596150,6772597000,10325046,Existing,0,1
2021,SRE-F-RED-L-HV,Pre-Paid,ORD202101039,"?3,717.23",Delivered,Indiranagar 245,Pune,Maharashtra,110599,,FX202879,New,1,0
2021,BAG-M-BLK-XS-MD,COD,ORD202101040,"?4,885.04",Delivered,Brigade Rd 204,Lucknow,Uttar Pradesh,259136,8833704300,EK132634,Existing,1,0
2021,TSH-F-GRN-XS-LT,Pre-Paid,ORD202101041,"?5,109.52",In-Transit,Indiranagar 203,Mumbai,Maharashtra,,7949889800,77642422,Existing,0,0
2021,WAT-U-RED-S-LT,Pre-Paid,ORD202101042,?551.49,Delivered,Rajaji Nagar 140,Pune,Maharashtra,155156,8196084000,77794650,Existing,0,0
2021,KRT-M-GRN-XL-MD,COD,ORD202101043,"?5,339.94",Delivered,Park Street 189,Gurugram,Haryana,332898,6464692600,SF459136,Existing,0,0
2021,JNS-M-NVY-XXL-MD,COD,ORD202101044,"?1,714.36",Delivered,Anna Salai 14,Ahmedabad,Gujarat,442425,7502742800,13486055,Existing,0,0
2021,JNS-F-WHT-XXL-HV,Pre-Paid,ORD202101045,?965.69,Delivered,Civil Lines 131,Bengaluru,Karnataka,382874,,13759708,New,0,0
2021,JKT-F-BLU-M-HV,COD,ORD202101046,"?1,727.61",Returned-Undelivered,Indiranagar 153,Kolkata,West Bengal,701134,6328302100,XB936149,Existing,1,1
2021,JNS-F-PNK-S-LT,Pre-Paid,ORD202101047,"?4,195.52",Delivered,Rajaji Nagar 57,New Delhi,Delhi,766704,8828714700,13524278,New,1,0
2021,WAT-F-BLK-M-HV,COD,ORD202101048,"?5,323.61",Delivered,Marine Drive 189,Noida,Uttar Pradesh,369401,8718984900,53568845,Existing,0,0
2021,BAG-M-NVY-S-HV,COD,ORD202101049,"?1,912.58",Delivered,Rajaji Nagar 36,Jaipur,Rajasthan,337975,9893237500,EZ838065,Existing,0,0
2021,SHO-U-RED-S-LT,Pre-Paid,ORD202101050,?524.46,Returned-Undelivered,MG Road 116,Kochi,Kerala,243366,,19571852,New,0,1
2021,SHO-U-NVY-XXL-MD,Pre-Paid,ORD202101051,"?3,321.08",Delivered,Linking Rd 65,Ludhiana,Punjab,238776,9772015600,13657062,Existing,0,0
2021,BAG-M-PNK-XS-LT,COD,ORD202101052,"?3,509.94",Delivered,Park Street 62,Nagpur,Maharashtra,,9548962300,SF486532,New,1,0
2021,DRS-U-GRY-XL-MD,COD,ORD202101053,?318.71,Returned-After-Delivery,Camp 168,Kolkata,West Bengal,642263,6673002100,13610558,Existing,1,0
2021,JNS-F-BLU-M-HV,COD,ORD202101054,"?3,553.79",Returned-Undelivered,Camp 187,Mumbai,Maharashtra,626270,6724537900,10123922,Existing,0,1
2021,KRT-U-NVY-XL-HV,Pre-Paid,ORD202101055,"?4,276.95",Delivered,Sector 15 62,Kolkata,West Bengal,218546,,SF836290,Existing,1,0
2021,BAG-M-GRN-XS-HV,COD,ORD202101056,"?3,497.89",Returned-After-Delivery,Anna Salai 240,Mysuru,Karnataka,518096,,19816651,Existing,0,0
2021,DRS-U-BLK-S-MD,COD,ORD202101057,"?4,717.87",Delivered,Marine Drive 194,Bengaluru,Karnataka,272770,6346336300,19224146,Existing,0,0
2021,KRT-U-RED-XS-HV,COD,ORD202101058,"?3,637.46",Returned-After-Delivery,Park Street 166,Hyderabad,Telangana,729388,7726667300,DL275106,Existing,1,0
2021,DRS-U-NVY-XL-LT,Pre-Paid,ORD202101059,?837.83,Returned-Undelivered,Park Street 202,Kochi,Kerala,141458,8323307100,55688212,Existing,0,1
2021,JNS-M-WHT-M-LT,COD,ORD202101060,"?4,925.36",Returned-Undelivered,Camp 128,Ahmedabad,Gujarat,544178,,FX704094,New,1,1
2021,DRS-U-BLK-XL-HV,Pre-Paid,ORD202101061,"?2,438.76",Delivered,Rajaji Nagar 28,Gurugram,Haryana,619142,7211272400,10957323,Existing,1,0
2021,JKT-M-GRY-XXL-MD,COD,ORD202101062,"?3,345.92",Returned-Undelivered,Linking Rd 50,Hyderabad,Telangana,,8430788700,10563853,New,0,1
2021,JNS-M-WHT-L-MD,Pre-Paid,ORD202101063,?723.96,In-Transit,Marine Drive 4,Ludhiana,Punjab,606709,9197305300,EK329549,Existing,0,0
2021,WAT-F-GRN-S-LT,COD,ORD202101064,"?5,671.41",Delivered,FC Road 177,Chennai,Tamil Nadu,270115,8681417100,DL941518,New,0,0
2021,WAT-M-BLK-L-LT,Pre-Paid,ORD202101065,"?5,648.55",Delivered,Indiranagar 72,Ludhiana,Punjab,305977,9545248900,SF490494,Existing,0,0
2021,DRS-M-PNK-XL-LT,Pre-Paid,ORD202101066,"?2,481.21",Delivered,Rajaji Nagar 141,Kolkata,West Bengal,711204,8556205500,DL268617,Existing,1,0
2021,WAT-F-NVY-M-HV,Pre-Paid,ORD202101067,"?3,007.20",Delivered,Anna Salai 156,Surat,Gujarat,407630,9701672500,77581859,Existing,0,0
2021,KRT-U-BLU-S-LT,Pre-Paid,ORD202101068,?499.23,Delivered,Linking Rd 67,Ahmedabad,Gujarat,667549,9602123500,53523825,Existing,0,0
2021,SRE-U-RED-XS-MD,Pre-Paid,ORD202101069,"?1,249.75",Delivered,Brigade Rd 199,Kolkata,West Bengal,708622,7353635300,FX833351,New,1,0
2021,DRS-F-PNK-M-LT,Pre-Paid,ORD202101070,?970.89,Delivered,Camp 193,Coimbatore,Tamil Nadu,,9898256800,77653674,Existing,0,0
2021,JKT-F-GRY-M-MD,COD,ORD202101071,?365.71,Returned-After-Delivery,Brigade Rd 150,Hyderabad,Telangana,,8379845100,SF809694,New,1,0
2021,TOP-F-GRN-XXL-LT,Pre-Paid,ORD202101072,?756.90,Delivered,Rajaji Nagar 90,Kochi,Kerala,661459,7504432100,DL147277,Existing,0,0
2021,WAT-F-RED-XXL-MD,Pre-Paid,ORD202101073,"?5,619.17",Delivered,FC Road 228,Lucknow,Uttar Pradesh,658515,6198300700,13271346,New,0,0
2021,TOP-M-BLU-S-MD,Pre-Paid,ORD202101074,"?2,960.46",Returned-After-Delivery,Linking Rd 54,Mumbai,Maharashtra,350217,9391345300,55994354,New,0,0
2021,JKT-M-BLK-XS-MD,COD,ORD202101075,?961.39,Delivered,Indiranagar 143,Lucknow,Uttar Pradesh,725128,9963757900,13278413,Existing,0,0
2021,SRE-M-NVY-L-HV,COD,ORD202101076,"?3,472.79",Delivered,Park Street 189,Kochi,Kerala,564964,8169912900,53662704,Existing,1,0
2021,JKT-U-GRY-XL-HV,COD,ORD202101077,"?4,585.65",Delivered,Marine Drive 116,Gurugram,Haryana,,9131305600,77593475,Existing,1,0
2021,KRT-U-GRN-XL-LT,COD,ORD202101078,"?4,323.19",Delivered,Sector 15 14,Kolkata,West Bengal,531878,8942218200,85625621,New,0,0
2021,SHO-U-RED-XL-LT,Pre-Paid,ORD202101079,"?2,472.37",Delivered,Linking Rd 40,Nagpur,Maharashtra,763462,7263378800,19287356,New,0,0
2021,TSH-M-BLU-S-HV,COD,ORD202101080,"?4,196.31",Delivered,MG Road 202,Hyderabad,Telangana,461738,7409097800,55216139,New,0,0
2021,TOP-U-WHT-M-HV,COD,ORD202101081,"?1,898.79",Delivered,Rajaji Nagar 153,Hyderabad,Telangana,618626,9161826400,SF419919,New,0,0
2021,BAG-M-RED-XS-HV,COD,ORD202101082,"?1,169.64",Returned-After-Delivery,Camp 76,Ahmedabad,Gujarat,477975,8154358200,53265096,New,0,0
2021,WAT-M-BLU-L-LT,COD,ORD202101083,"?4,741.93",Returned-Undelivered,Sector 15 102,Kochi,Kerala,432809,6958834000,85537506,Existing,0,1
2021,TOP-F-RED-M-MD,COD,ORD202101084,"?5,931.80",Delivered,Park Street 159,Ludhiana,Punjab,132365,6462773800,BD148913,Existing,0,0
2021,JKT-U-GRY-M-HV,COD,ORD202101085,?770.60,Delivered,Park Street 249,Kochi,Kerala,545381,8426145600,77585454,New,1,0
2021,TSH-F-WHT-XS-MD,Pre-Paid,ORD202101086,"?5,784.86",Delivered,Marine Drive 49,Hyderabad,Telangana,,9720268300,77309790,New,1,0
2021,JKT-F-WHT-L-LT,COD,ORD202101087,"?1,885.46",Delivered,Indiranagar 214,Gurugram,Haryana,564025,8412855300,EK774894,New,0,0
2021,KRT-F-PNK-XXL-MD,Pre-Paid,ORD202101088,"?2,740.04",Delivered,Camp 80,Ludhiana,Punjab,,9252481600,DL336449,New,1,0
2021,SHO-U-WHT-XS-LT,COD,ORD202101089,?771.05,Delivered,Park Street 31,Jaipur,Rajasthan,,7156479500,85514731,Existing,0,0
2021,WAT-M-GRN-L-LT,Pre-Paid,ORD202101090,"?1,127.40",Delivered,FC Road 202,Ludhiana,Punjab,140885,6898941700,DL669774,Existing,0,0
2021,JNS-F-BLU-XL-HV,Pre-Paid,ORD202101091,"?4,856.24",Returned-Undelivered,Civil Lines 61,Bengaluru,Karnataka,,9488353600,53294286,Existing,1,1
2021,BAG-M-GRN-XL-MD,Pre-Paid,ORD202101092,?529.91,In-Transit,Sector 15 58,Jaipur,Rajasthan,344849,7776949400,EZ710682,New,0,0
2021,DRS-F-WHT-XS-LT,COD,ORD202101093,"?4,832.53",Returned-Undelivered,Park Street 35,Hyderabad,Telangana,121321,9678833200,10958612,New,0,1
2021,TOP-M-GRN-L-HV,COD,ORD202101094,"?4,051.40",Returned-Undelivered,Civil Lines 57,Kolkata,West Bengal,,8489072700,53891360,Existing,1,1
2021,WAT-U-NVY-M-LT,Pre-Paid,ORD202101095,"?3,773.46",Delivered,FC Road 245,Pune,Maharashtra,797805,9690757300,19930425,New,0,0
2021,SRE-U-BLK-XS-HV,Pre-Paid,ORD202101096,"?1,380.04",Delivered,Marine Drive 171,Hyderabad,Telangana,220761,7452392300,SF781095,Existing,0,0
2021,TSH-F-WHT-S-LT,COD,ORD202101097,"?3,961.12",Returned-Undelivered,Marine Drive 160,Lucknow,Uttar Pradesh,207605,8219628900,10564330,Existing,0,1
2021,JKT-U-BLU-L-HV,COD,ORD202101098,"?4,979.50",Delivered,Anna Salai 17,Chennai,Tamil Nadu,427448,8956863900,13696117,New,1,0
2021,JNS-F-GRN-S-HV,COD,ORD202101099,"?3,610.35",Delivered,Civil Lines 211,Mysuru,Karnataka,,8108206200,53151264,Existing,1,0
2021,DRS-M-GRY-M-LT,Pre-Paid,ORD202101100,?347.46,Returned-After-Delivery,Civil Lines 90,Gurugram,Haryana,731584,8893846800,SF163840,Existing,1,0
2021,BAG-U-WHT-L-HV,COD,ORD202101101,"?1,787.22",Delivered,Park Street 248,Lucknow,Uttar Pradesh,173909,8234433000,55364150,New,0,0
2021,DRS-U-PNK-XXL-MD,COD,ORD202101102,"?1,616.48",Delivered,Civil Lines 184,Ahmedabad,Gujarat,584186,9678476800,19630541,New,0,0
2021,DRS-F-GRY-XXL-MD,Pre-Paid,ORD202101103,"?1,415.92",Delivered,Sector 15 201,Hyderabad,Telangana,659919,6517965400,XB895621,New,0,0
2021,DRS-F-RED-S-HV,Pre-Paid,ORD202101104,"?5,958.58",Returned-Undelivered,Park Street 146,Jaipur,Rajasthan,471543,,55550816,Existing,1,1
2021,TSH-F-WHT-XXL-LT,COD,ORD202101105,"?1,772.13",Delivered,Brigade Rd 26,Ludhiana,Punjab,330423,,SF484237,New,0,0
2021,SHO-M-BLK-XL-LT,COD,ORD202101106,"?1,185.73",Delivered,Sector 15 12,Noida,Uttar Pradesh,563121,6998810200,EK698975,Existing,0,0
2021,TOP-U-PNK-XS-LT,Pre-Paid,ORD202101107,"?5,736.05",Returned-After-Delivery,Sector 15 79,Chennai,Tamil Nadu,434713,,XB688019,New,0,0
2021,WAT-U-RED-L-MD,Pre-Paid,ORD202101108,"?2,588.92",Delivered,FC Road 242,Gurugram,Haryana,727775,,XB629504,New,1,0
2021,WAT-U-WHT-XS-MD,COD,ORD202101109,?523.62,Returned-Undelivered,Marine Drive 71,Coimbatore,Tamil Nadu,188909,9769619800,77748914,New,0,1
2021,SHO-U-GRN-XS-LT,COD,ORD202101110,"?2,148.61",Returned-Undelivered,Rajaji Nagar 135,Jaipur,Rajasthan,435994,9237602800,SF551654,Existing,0,1
2021,JNS-F-NVY-XS-HV,COD,ORD202101111,"?5,799.43",Returned-Undelivered,FC Road 206,Gurugram,Haryana,573043,9277222600,BD871138,New,0,1
2021,KRT-F-GRY-XXL-HV,Pre-Paid,ORD202101112,"?4,382.90",Delivered,Civil Lines 156,Chennai,Tamil Nadu,593653,8272389600,SF412057,New,0,0
2021,JNS-U-BLK-M-LT,COD,ORD202101113,?603.65,Delivered,FC Road 18,Bengaluru,Karnataka,359913,8590995000,55599608,New,0,0
2021,TOP-F-GRN-M-HV,Pre-Paid,ORD202101114,"?3,224.54",Delivered,Rajaji Nagar 129,New Delhi,Delhi,,,BD650530,Existing,0,0
2021,BAG-M-RED-XXL-HV,COD,ORD202101115,"?5,140.95",Delivered,Camp 25,Ahmedabad,Gujarat,542560,7934559200,13480716,New,0,0
2021,JKT-M-RED-L-HV,COD,ORD202101116,"?3,776.68",Delivered,Camp 93,Noida,Uttar Pradesh,367995,9531206200,10832196,New,0,0
2021,KRT-M-RED-S-MD,COD,ORD202101117,"?5,035.04",Returned-Undelivered,Civil Lines 54,Kolkata,West Bengal,646521,8542184400,XB574111,New,0,1
2021,JKT-M-WHT-L-MD,COD,ORD202101118,"?1,939.61",Returned-After-Delivery,Linking Rd 234,Bengaluru,Karnataka,111014,9784959400,10687905,New,0,0
2021,JKT-U-BLU-XXL-LT,COD,ORD202101119,"?5,724.04",Delivered,Indiranagar 78,Noida,Uttar Pradesh,572429,7402846400,13968120,New,1,0
2021,JNS-U-PNK-XXL-HV,COD,ORD202101120,"?5,094.11",Returned-Undelivered,Camp 28,Kochi,Kerala,134847,6280005400,53633584,New,0,1
2021,WAT-F-GRY-M-LT,Pre-Paid,ORD202101121,"?2,790.93",Delivered,Brigade Rd 225,Ludhiana,Punjab,666542,7829486000,SF145156,Existing,0,0
2021,KRT-U-PNK-L-HV,Pre-Paid,ORD202101122,"?1,960.91",Delivered,Park Street 17,Gurugram,Haryana,539294,6350187400,SF549370,New,1,0
2021,SHO-M-PNK-L-HV,Pre-Paid,ORD202101123,"?3,872.81",In-Transit,Rajaji Nagar 56,Surat,Gujarat,169839,6108560800,FX535133,Existing,0,0
2021,JKT-F-BLU-XXL-HV,Pre-Paid,ORD202101124,"?1,735.53",Delivered,MG Road 178,Gurugram,Haryana,122013,7267268600,19524080,New,1,0
2021,TOP-F-GRY-L-LT,Pre-Paid,ORD202101125,"?3,629.01",Delivered,Indiranagar 243,Jaipur,Rajasthan,535006,9468211600,19177751,New,1,0
2021,JKT-M-PNK-S-HV,COD,ORD202101126,?812.66,Delivered,Brigade Rd 122,Gurugram,Haryana,408994,9294653800,77216895,Existing,1,0
2021,DRS-F-PNK-S-LT,COD,ORD202101127,"?5,600.64",Returned-Undelivered,Sector 15 119,Ahmedabad,Gujarat,372285,8415619200,19355069,New,0,1
2021,BAG-U-GRN-M-MD,COD,ORD202101128,"?2,473.66",Delivered,Camp 46,Mysuru,Karnataka,524017,8538442200,SF195752,Existing,0,0
2021,TOP-M-NVY-S-LT,COD,ORD202101129,?563.74,Delivered,Park Street 132,Kochi,Kerala,308306,9624473200,77378479,New,0,0
2021,WAT-U-BLU-XL-LT,COD,ORD202101130,"?3,318.60",Delivered,Park Street 212,Noida,Uttar Pradesh,771431,6206979400,SF944146,Existing,0,0
2021,TSH-M-NVY-XXL-HV,COD,ORD202101131,"?2,109.28",Returned-After-Delivery,Rajaji Nagar 55,Hyderabad,Telangana,393587,7354728800,BD688220,Existing,0,0
2021,TOP-U-BLU-XS-MD,COD,ORD202101132,"?4,529.08",Delivered,Civil Lines 95,Noida,Uttar Pradesh,559582,6257347000,77307374,New,0,0
2021,JKT-F-BLU-XL-HV,Pre-Paid,ORD202101133,"?2,746.11",Delivered,Park Street 152,Gurugram,Haryana,193462,8278981200,13402549,Existing,1,0
2021,SRE-U-NVY-M-HV,COD,ORD202101134,"?3,733.15",Returned-After-Delivery,Sector 15 249,Kolkata,West Bengal,457559,9209967400,XB287844,Existing,1,0
2021,SHO-U-WHT-L-LT,COD,ORD202101135,"?3,079.78",Returned-After-Delivery,Park Street 145,New Delhi,Delhi,446948,9269128000,10686254,Existing,1,0
2021,JNS-F-RED-XXL-HV,COD,ORD202101136,"?5,329.22",Delivered,Anna Salai 43,Gurugram,Haryana,,7916799500,EK142693,New,0,0
2021,KRT-F-GRY-S-HV,COD,ORD202101137,"?4,703.54",Returned-Undelivered,MG Road 108,Jaipur,Rajasthan,369501,8335613700,13559470,Existing,0,1
2021,KRT-U-WHT-XL-LT,Pre-Paid,ORD202101138,"?4,040.55",Delivered,MG Road 209,Jaipur,Rajasthan,574860,6895383100,EK670694,Existing,0,0
2021,JKT-U-GRN-S-HV,COD,ORD202101139,"?4,796.36",Delivered,Civil Lines 235,Chennai,Tamil Nadu,300697,7334155700,EK403731,New,0,0
2021,JKT-U-GRN-L-MD,COD,ORD202101140,?817.52,Delivered,Anna Salai 70,Ludhiana,Punjab,178720,6918088300,55901825,Existing,1,0
2021,SHO-M-BLU-XL-LT,Pre-Paid,ORD202101141,"?3,312.15",Delivered,Indiranagar 179,Jaipur,Rajasthan,504448,9507168100,55184977,Existing,0,0
2021,SRE-M-GRY-XS-MD,Pre-Paid,ORD202101142,"?1,009.38",Delivered,Rajaji Nagar 71,Ludhiana,Punjab,,8528608800,BD924250,New,0,0
2021,TSH-U-NVY-L-HV,COD,ORD202101143,"?2,729.06",Returned-Undelivered,Sector 15 201,Ludhiana,Punjab,622897,9212231800,55114688,New,0,1
2021,TSH-M-WHT-XS-MD,COD,ORD202101144,?706.42,In-Transit,Civil Lines 116,Ahmedabad,Gujarat,582809,7325910800,55461920,New,0,0
2021,WAT-M-NVY-L-MD,COD,ORD202101145,"?5,145.93",Returned-After-Delivery,Park Street 154,Chennai,Tamil Nadu,595062,8789927400,13384598,New,1,0
2021,JNS-M-PNK-XL-HV,COD,ORD202101146,"?4,863.93",Returned-After-Delivery,Brigade Rd 94,Pune,Maharashtra,314502,6513568000,55912550,New,0,0
2021,DRS-M-RED-XS-LT,Pre-Paid,ORD202101147,?861.42,Delivered,Brigade Rd 148,Jaipur,Rajasthan,308362,6943111000,EK574732,New,1,0
2021,BAG-U-RED-L-HV,COD,ORD202101148,"?3,170.05",Delivered,Marine Drive 140,New Delhi,Delhi,351428,9322159600,BD784761,Existing,0,0
2021,JNS-M-GRN-XS-MD,COD,ORD202101149,?878.27,Delivered,Linking Rd 195,Jaipur,Rajasthan,683090,8482912200,SF447547,New,1,0
2021,BAG-F-BLK-L-HV,Pre-Paid,ORD202101150,"?1,464.50",Delivered,Civil Lines 214,New Delhi,Delhi,156117,7985074400,13734329,New,1,0
2021,JNS-U-PNK-XL-HV,Pre-Paid,ORD202101151,"?4,955.35",Returned-Undelivered,Brigade Rd 137,Noida,Uttar Pradesh,538673,8507590200,EZ723160,New,0,1
2021,DRS-M-PNK-XS-HV,Pre-Paid,ORD202101152,?521.74,Delivered,Camp 79,Ahmedabad,Gujarat,741067,7598690000,19190725,New,0,0
2021,TSH-F-GRN-XL-MD,COD,ORD202101153,"?3,252.53",Delivered,MG Road 64,Lucknow,Uttar Pradesh,451885,8886911400,BD599489,Existing,0,0
2021,SRE-U-GRY-M-LT,Pre-Paid,ORD202101154,"?2,212.84",In-Transit,MG Road 21,Kochi,Kerala,726724,6750059200,55145304,New,0,0
2021,TOP-F-GRN-L-HV,COD,ORD202101155,?319.61,Delivered,MG Road 97,Coimbatore,Tamil Nadu,,9378901900,XB756738,Existing,0,0
2021,TOP-M-WHT-L-MD,Pre-Paid,ORD202101156,"?3,397.74",Returned-Undelivered,Linking Rd 20,Ludhiana,Punjab,134415,6107085700,DL971339,New,0,1
2021,KRT-M-NVY-XXL-LT,Pre-Paid,ORD202101157,"?3,201.69",Delivered,Marine Drive 167,New Delhi,Delhi,752979,,FX731384,Existing,1,0
2021,KRT-M-GRN-XL-LT,Pre-Paid,ORD202101158,"?3,490.81",Delivered,Sector 15 129,Nagpur,Maharashtra,790445,9287263000,DL995428,New,1,0
2021,BAG-U-RED-L-HV,Pre-Paid,ORD202101159,"?5,077.86",Delivered,Civil Lines 155,New Delhi,Delhi,636822,6453703600,FX956625,New,1,0
2021,KRT-F-NVY-L-HV,COD,ORD202101160,"?2,122.52",Returned-Undelivered,Linking Rd 186,Ludhiana,Punjab,528607,6636056200,13583066,New,1,1
2021,SHO-U-WHT-M-HV,Pre-Paid,ORD202101161,"?1,113.47",Delivered,Anna Salai 2,Mysuru,Karnataka,560390,9568554400,53575857,New,1,0
2021,JNS-M-BLK-S-LT,COD,ORD202101162,"?4,888.86",Delivered,Civil Lines 104,Nagpur,Maharashtra,413027,9200107000,DL179228,Existing,0,0
2021,BAG-U-BLU-XL-HV,Pre-Paid,ORD202101163,?736.51,Delivered,Park Street 157,Lucknow,Uttar Pradesh,229773,8178368400,BD878973,Existing,1,0
2021,WAT-F-GRY-S-MD,COD,ORD202101164,"?5,716.30",Returned-Undelivered,Camp 64,Lucknow,Uttar Pradesh,,6881033500,SF372837,New,1,1
2021,SHO-U-GRN-XXL-HV,COD,ORD202101165,"?2,876.92",Delivered,MG Road 31,Lucknow,Uttar Pradesh,535733,8572554900,BD628536,New,0,0
2021,WAT-F-NVY-XS-LT,COD,ORD202101166,"?1,695.73",Returned-After-Delivery,Camp 243,Ahmedabad,Gujarat,,6744346000,53771952,Existing,0,0
2021,JNS-M-BLK-M-HV,COD,ORD202101167,"?4,496.77",Returned-After-Delivery,Marine Drive 233,Hyderabad,Telangana,,6543151900,19273074,Existing,0,0
2021,WAT-F-BLK-L-HV,COD,ORD202101168,"?4,895.72",Returned-Undelivered,Civil Lines 237,Kolkata,West Bengal,790535,6627735700,19653995,New,1,1
2021,WAT-U-GRN-XL-MD,Pre-Paid,ORD202101169,"?4,136.24",Delivered,Sector 15 206,Chennai,Tamil Nadu,,6320986000,13911402,Existing,0,0
2021,TOP-M-BLU-S-LT,COD,ORD202101170,"?4,757.60",Returned-Undelivered,Rajaji Nagar 182,Surat,Gujarat,188415,6223805800,XB466130,Existing,0,1
2021,WAT-U-RED-XXL-HV,Pre-Paid,ORD202101171,"?3,723.75",Delivered,Linking Rd 173,Kolkata,West Bengal,228368,6597289600,13248566,New,1,0
2021,JKT-U-BLK-M-HV,COD,ORD202101172,"?5,024.70",Returned-Undelivered,Marine Drive 37,New Delhi,Delhi,333864,8547312600,10761327,New,0,1
2021,TOP-F-GRY-S-MD,COD,ORD202101173,"?1,083.94",Returned-Undelivered,Park Street 41,Ludhiana,Punjab,463925,8217586800,13267599,Existing,0,1
2021,KRT-M-NVY-XXL-HV,COD,ORD202101174,"?2,853.12",Returned-After-Delivery,Camp 207,Kolkata,West Bengal,,6436095100,77172468,Existing,0,0
2021,WAT-U-BLK-L-MD,COD,ORD202101175,"?1,125.83",Delivered,Linking Rd 72,Gurugram,Haryana,203644,8459162100,EK639675,New,0,0
2021,JNS-F-BLK-M-MD,Pre-Paid,ORD202101176,"?4,425.85",Delivered,Rajaji Nagar 137,Kolkata,West Bengal,750691,7583619500,BD154076,New,0,0
2021,DRS-F-BLU-S-HV,COD,ORD202101177,"?1,135.11",Delivered,Civil Lines 213,Gurugram,Haryana,187744,7642888100,SF447532,Existing,1,0
2021,SHO-M-PNK-XS-MD,COD,ORD202101178,"?5,515.85",Delivered,MG Road 148,Ludhiana,Punjab,511187,9767719900,DL266839,Existing,1,0
2021,JNS-M-GRN-M-HV,COD,ORD202101179,"?4,470.64",Returned-After-Delivery,Park Street 98,Ahmedabad,Gujarat,781207,6941007700,85914391,Existing,0,0
2021,BAG-U-PNK-L-LT,COD,ORD202101180,"?4,904.05",In-Transit,Rajaji Nagar 127,Ludhiana,Punjab,421782,7444537100,55677566,New,1,0
2021,TOP-U-WHT-S-MD,COD,ORD202101181,"?1,687.74",Delivered,Camp 197,Hyderabad,Telangana,377935,8257623300,DL876731,New,0,0
2021,SHO-F-BLK-XXL-HV,COD,ORD202101182,"?3,480.58",Returned-Undelivered,FC Road 124,Hyderabad,Telangana,,7677224000,EZ199304,New,1,1
2021,TOP-U-BLU-M-LT,COD,ORD202101183,"?3,246.94",Delivered,Camp 167,Gurugram,Haryana,401506,8387458200,10420896,Existing,0,0
2021,KRT-F-WHT-S-HV,COD,ORD202101184,"?4,395.87",Returned-Undelivered,Camp 230,Noida,Uttar Pradesh,563451,7570602800,FX351047,New,0,1
2021,JNS-U-BLU-XL-MD,COD,ORD202101185,"?1,640.43",Delivered,Park Street 48,Ahmedabad,Gujarat,222557,,XB173952,New,0,0
2021,JNS-M-PNK-XL-LT,Pre-Paid,ORD202101186,"?3,000.08",Delivered,Camp 218,Ahmedabad,Gujarat,431808,7920811700,SF108127,Existing,0,0
2021,DRS-U-GRY-M-HV,Pre-Paid,ORD202101187,"?3,019.09",Delivered,Brigade Rd 204,Ahmedabad,Gujarat,358186,9680776300,XB381178,New,1,0
2021,JKT-U-WHT-XS-HV,Pre-Paid,ORD202101188,"?3,421.59",Delivered,Anna Salai 224,New Delhi,Delhi,415422,8104025700,EZ186993,New,0,0
2021,JKT-F-GRN-XL-MD,Pre-Paid,ORD202101189,"?2,080.80",Delivered,Sector 15 206,Gurugram,Haryana,,9214055200,EK557799,Existing,0,0
2021,JNS-U-RED-XS-LT,COD,ORD202101190,"?4,708.47",Returned-Undelivered,Indiranagar 51,Mysuru,Karnataka,365798,7909479800,55427571,Existing,1,1
2021,BAG-M-RED-XL-LT,Pre-Paid,ORD202101191,"?4,015.88",Delivered,Linking Rd 2,Kochi,Kerala,210055,8745238800,13471424,Existing,1,0
2021,JNS-M-BLU-L-MD,Pre-Paid,ORD202101192,"?1,185.30",Delivered,MG Road 63,Hyderabad,Telangana,,8997702300,13393602,New,1,0
2021,BAG-F-RED-S-MD,COD,ORD202101193,"?5,157.83",Returned-Undelivered,MG Road 18,Kochi,Kerala,550504,9605646100,DL311707,Existing,1,1
2021,BAG-U-RED-XS-LT,COD,ORD202101194,"?2,485.34",Returned-After-Delivery,Marine Drive 89,Hyderabad,Telangana,341091,6545034700,55469040,Existing,0,0
2021,JKT-U-BLK-M-HV,COD,ORD202101195,?469.21,Returned-After-Delivery,Indiranagar 177,Hyderabad,Telangana,377262,7267228100,FX468966,Existing,0,0
2021,DRS-M-GRN-M-MD,COD,ORD202101196,"?3,098.18",Delivered,Sector 15 53,Surat,Gujarat,,7709753600,53441901,Existing,0,0
2021,DRS-F-GRN-L-LT,Pre-Paid,ORD202101197,"?4,716.27",Delivered,Sector 15 65,Gurugram,Haryana,695866,6158138200,EZ878111,Existing,0,0
2021,SRE-M-BLK-XXL-MD,Pre-Paid,ORD202101198,"?2,342.68",Delivered,Anna Salai 57,Ludhiana,Punjab,422878,6106735600,10665932,New,1,0
2021,SHO-F-BLU-XS-HV,COD,ORD202101199,"?3,043.36",Returned-Undelivered,Camp 32,Gurugram,Haryana,430627,7228953800,EK325493,New,0,1
2021,DRS-M-WHT-XL-HV,COD,ORD202101200,"?5,887.70",Delivered,Brigade Rd 197,Mysuru,Karnataka,707012,,53805015,Existing,0,0
2021,JNS-M-WHT-XXL-MD,COD,ORD202101201,"?3,831.04",Returned-Undelivered,FC Road 224,Jaipur,Rajasthan,201010,9685369900,10987865,New,0,1
2021,DRS-U-GRN-XS-HV,COD,ORD202101202,"?5,519.46",Returned-Undelivered,Park Street 233,Jaipur,Rajasthan,279133,,85451925,Existing,0,1
2021,JNS-U-PNK-XL-HV,Pre-Paid,ORD202101203,"?4,114.40",Delivered,Brigade Rd 118,Surat,Gujarat,340970,9653644000,SF560665,Existing,0,0
2021,WAT-F-BLK-XS-HV,COD,ORD202101204,"?1,379.94",Returned-Undelivered,Indiranagar 112,Hyderabad,Telangana,780272,9985785400,EZ645688,Existing,0,1
2021,KRT-M-GRY-M-HV,COD,ORD202101205,"?2,381.85",Delivered,Civil Lines 193,Kochi,Kerala,288296,7974242000,FX995051,Existing,0,0
2021,TSH-U-NVY-XXL-MD,Pre-Paid,ORD202101206,"?4,100.69",Delivered,Sector 15 148,New Delhi,Delhi,619074,8376690600,DL815950,Existing,1,0
2021,SHO-F-NVY-M-MD,COD,ORD202101207,?861.25,Delivered,Civil Lines 188,Gurugram,Haryana,138293,7808350400,EZ514347,New,0,0
2021,JKT-F-GRN-XXL-MD,Pre-Paid,ORD202101208,"?1,823.68",Delivered,Sector 15 125,Ahmedabad,Gujarat,440345,9448427800,10422250,Existing,0,0
2021,TOP-M-GRY-M-HV,COD,ORD202101209,"?3,719.71",Returned-After-Delivery,Brigade Rd 163,Jaipur,Rajasthan,,6739418500,53636280,Existing,0,0
2021,WAT-M-GRY-XXL-LT,Pre-Paid,ORD202101210,"?1,246.00",Delivered,Rajaji Nagar 66,Jaipur,Rajasthan,491243,7771283900,EZ621417,New,1,0
2021,JNS-M-BLU-XL-MD,COD,ORD202101211,"?4,374.47",Returned-After-Delivery,Camp 64,Gurugram,Haryana,332382,7122446900,10759209,Existing,1,0
2021,JNS-F-PNK-S-LT,COD,ORD202101212,"?5,804.88",In-Transit,Civil Lines 2,Pune,Maharashtra,140500,8786904300,10387025,Existing,1,0
2021,KRT-U-RED-XS-HV,COD,ORD202101213,"?3,307.95",Delivered,Civil Lines 194,Kochi,Kerala,449579,9153590500,85127981,Existing,0,0
2021,SHO-U-BLU-M-HV,Pre-Paid,ORD202101214,"?5,423.64",Delivered,MG Road 180,Pune,Maharashtra,332217,8206652700,19575071,Existing,1,0
2021,SRE-U-GRY-XL-LT,Pre-Paid,ORD202101215,"?5,750.45",Delivered,FC Road 219,Hyderabad,Telangana,714006,7780433300,EK624331,New,0,0
2021,TOP-U-WHT-L-LT,COD,ORD202101216,"?3,560.95",Delivered,Sector 15 164,Kolkata,West Bengal,201568,6534753100,10325530,Existing,0,0
2021,JKT-U-NVY-M-MD,COD,ORD202101217,"?2,161.34",Returned-Undelivered,Rajaji Nagar 184,Kolkata,West Bengal,338026,8339141700,55979561,Existing,1,1
2021,SRE-U-NVY-XXL-MD,COD,ORD202101218,"?1,951.79",Delivered,Brigade Rd 67,Ahmedabad,Gujarat,703509,7256383100,BD660168,Existing,1,0
2021,DRS-U-RED-XL-LT,COD,ORD202101219,"?1,625.61",Delivered,Marine Drive 33,Hyderabad,Telangana,746591,6721472500,SF220923,Existing,1,0
2021,JNS-U-NVY-XL-LT,COD,ORD202101220,"?5,549.06",Returned-After-Delivery,Brigade Rd 158,Ludhiana,Punjab,229736,6416694700,10127983,Existing,0,0
2021,JNS-F-BLK-M-MD,Pre-Paid,ORD202101221,?595.94,Delivered,Camp 52,Noida,Uttar Pradesh,397327,8524462500,FX510431,New,0,0
2021,TOP-U-BLU-XL-LT,COD,ORD202101222,"?5,791.63",In-Transit,Rajaji Nagar 68,Coimbatore,Tamil Nadu,452056,8614331100,85985168,New,0,0
2021,BAG-U-NVY-XXL-HV,COD,ORD202101223,"?5,458.15",Delivered,Civil Lines 201,Surat,Gujarat,737179,,85958427,Existing,1,0
2021,BAG-U-PNK-M-HV,COD,ORD202101224,"?1,256.99",Delivered,Rajaji Nagar 68,Ludhiana,Punjab,454138,6177202000,55986613,Existing,0,0
2021,TOP-U-BLK-XS-HV,COD,ORD202101225,"?4,029.37",Returned-Undelivered,FC Road 166,New Delhi,Delhi,,8887758300,EZ223408,Existing,0,1
2021,JKT-U-GRN-L-MD,COD,ORD202101226,"?5,179.81",Delivered,Rajaji Nagar 164,Noida,Uttar Pradesh,691341,6272156500,BD516259,New,0,0
2021,SRE-F-RED-XXL-MD,COD,ORD202101227,"?4,101.13",Delivered,Marine Drive 121,Ludhiana,Punjab,599040,7449317900,85856069,New,1,0
2021,TOP-M-PNK-L-MD,COD,ORD202101228,"?2,983.14",Delivered,Park Street 47,Surat,Gujarat,315537,6227095300,XB137377,Existing,0,0
2021,SRE-U-GRN-M-LT,Pre-Paid,ORD202101229,"?3,470.00",Delivered,Civil Lines 142,Mysuru,Karnataka,127829,8189783100,53385228,Existing,0,0
2021,SRE-U-GRY-S-MD,COD,ORD202101230,"?2,146.09",Delivered,Rajaji Nagar 114,Jaipur,Rajasthan,708337,9490770100,XB525267,Existing,0,0
2021,SHO-F-RED-XL-HV,Pre-Paid,ORD202101231,"?2,311.37",Delivered,Anna Salai 43,Nagpur,Maharashtra,334737,7878977900,10742791,New,0,0
2021,TOP-M-BLK-L-MD,Pre-Paid,ORD202101232,"?2,316.24",In-Transit,Park Street 6,Bengaluru,Karnataka,180138,9761184100,53455812,New,1,0
2021,SHO-F-NVY-M-HV,COD,ORD202101233,?341.43,Returned-After-Delivery,Rajaji Nagar 58,Kochi,Kerala,485033,8121779100,19495266,Existing,1,0
2021,KRT-M-PNK-M-LT,COD,ORD202101234,"?1,244.98",Returned-Undelivered,Marine Drive 167,Lucknow,Uttar Pradesh,460506,8222260500,DL644405,Existing,1,1
2021,SRE-M-GRN-S-LT,COD,ORD202101235,"?1,809.00",Returned-Undelivered,Civil Lines 215,Lucknow,Uttar Pradesh,157871,7124554700,53206154,New,0,1
2021,SHO-U-PNK-L-MD,COD,ORD202101236,"?3,863.31",Delivered,Camp 210,Surat,Gujarat,485012,8305935300,EK504851,Existing,0,0
2021,SHO-F-BLU-XL-LT,COD,ORD202101237,"?1,309.20",Delivered,Park Street 196,Lucknow,Uttar Pradesh,281318,7665832700,SF626443,New,0,0
2021,TOP-M-NVY-S-LT,COD,ORD202101238,"?5,386.15",Delivered,Park Street 232,Kochi,Kerala,667213,8302864500,13303665,Existing,0,0
2021,SRE-U-WHT-L-LT,Pre-Paid,ORD202101239,"?4,465.06",Returned-Undelivered,Marine Drive 219,Ludhiana,Punjab,421898,8334701100,10798188,New,1,1
2021,JKT-F-GRN-L-HV,COD,ORD202101240,"?5,638.38",Returned-Undelivered,Brigade Rd 171,Ludhiana,Punjab,158532,7868881700,DL607804,New,0,1
2021,SHO-M-BLU-XL-LT,Pre-Paid,ORD202101241,"?2,467.76",Delivered,Marine Drive 178,Surat,Gujarat,285331,9514135900,BD282650,Existing,0,0
2021,SRE-U-WHT-L-MD,COD,ORD202101242,?769.56,Returned-Undelivered,Civil Lines 232,Nagpur,Maharashtra,190236,8159346900,53974151,New,0,1
2021,SRE-M-GRY-M-LT,COD,ORD202101243,"?1,591.85",Returned-After-Delivery,Sector 15 90,Mysuru,Karnataka,444988,,EK386623,Existing,0,0
2021,JKT-U-PNK-XL-HV,Pre-Paid,ORD202101244,"?1,570.44",Delivered,Anna Salai 180,Surat,Gujarat,297104,8931954600,FX263738,New,0,0
2021,BAG-M-BLU-XL-MD,Pre-Paid,ORD202101245,"?1,709.41",Returned-Undelivered,Indiranagar 14,New Delhi,Delhi,172207,9516203200,DL217822,Existing,1,1
2021,BAG-U-RED-L-LT,COD,ORD202101246,"?1,506.30",Returned-Undelivered,Camp 103,Lucknow,Uttar Pradesh,292012,9761771800,77537450,Existing,0,1
2021,JKT-F-GRN-S-LT,COD,ORD202101247,"?5,108.51",Delivered,Rajaji Nagar 236,Nagpur,Maharashtra,520593,7717281200,FX788260,Existing,1,0
2021,DRS-F-RED-XS-LT,Pre-Paid,ORD202101248,?420.36,Delivered,Indiranagar 139,Bengaluru,Karnataka,220415,8130558600,DL767155,New,0,0
2021,KRT-U-BLK-L-LT,Pre-Paid,ORD202101249,"?2,954.61",Delivered,Camp 122,Chennai,Tamil Nadu,224465,9664400800,53234404,New,0,0
2021,SHO-U-GRN-L-MD,COD,ORD202101250,"?3,595.65",Returned-Undelivered,Linking Rd 164,Hyderabad,Telangana,262927,9553079800,55829244,Existing,0,1
2021,SRE-U-WHT-XXL-LT,Pre-Paid,ORD202101251,"?5,455.20",Delivered,Sector 15 85,Kochi,Kerala,641255,8279744400,EZ332579,New,0,0
2021,WAT-U-NVY-M-LT,Pre-Paid,ORD202101252,"?5,734.54",Delivered,Indiranagar 200,Bengaluru,Karnataka,710033,9433239400,10715711,New,0,0
2021,DRS-F-RED-S-HV,Pre-Paid,ORD202101253,"?1,540.78",In-Transit,MG Road 146,Jaipur,Rajasthan,772639,9120073600,EK540541,Existing,0,0
2021,KRT-U-PNK-XS-MD,COD,ORD202101254,"?1,132.29",Returned-After-Delivery,FC Road 58,Ahmedabad,Gujarat,177317,8968368600,10533000,New,0,0
2021,WAT-U-BLK-XL-HV,Pre-Paid,ORD202101255,"?3,471.92",Delivered,Rajaji Nagar 73,New Delhi,Delhi,479999,7809657200,77243523,New,1,0
2021,BAG-M-WHT-S-MD,COD,ORD202101256,"?4,203.61",Delivered,Rajaji Nagar 171,Noida,Uttar Pradesh,777570,8758902600,XB319358,Existing,1,0
2021,TSH-M-PNK-XS-MD,COD,ORD202101257,"?3,249.64",Delivered,Indiranagar 236,Kochi,Kerala,485969,8214818400,19309730,Existing,0,0
2021,TSH-U-GRY-M-HV,Pre-Paid,ORD202101258,"?4,925.25",Delivered,Indiranagar 250,New Delhi,Delhi,153973,,EK126255,Existing,1,0
2021,SHO-F-GRN-M-MD,COD,ORD202101259,"?2,262.71",Delivered,Linking Rd 168,Gurugram,Haryana,798829,7815860900,13269375,Existing,0,0
2021,TOP-F-BLK-XL-LT,Pre-Paid,ORD202101260,"?1,586.22",Delivered,Brigade Rd 202,Gurugram,Haryana,410634,7159521500,19530301,Existing,0,0
2021,TSH-U-BLK-XXL-MD,Pre-Paid,ORD202101261,"?3,327.35",Delivered,Marine Drive 46,Ludhiana,Punjab,343538,7132649300,53955978,New,0,0
2021,TOP-F-GRN-L-MD,Pre-Paid,ORD202101262,"?5,790.88",Delivered,MG Road 244,Ahmedabad,Gujarat,327766,9267705100,EK569394,New,0,0
2021,WAT-F-GRY-XS-HV,COD,ORD202101263,"?2,427.19",Returned-Undelivered,Camp 131,Hyderabad,Telangana,139781,6179056900,XB188238,New,0,1
2021,JKT-F-BLU-XXL-HV,COD,ORD202101264,"?1,917.05",Delivered,Camp 34,Bengaluru,Karnataka,131317,7600586300,10489312,Existing,0,0
2021,SHO-U-PNK-M-MD,Pre-Paid,ORD202101265,"?4,886.10",Delivered,FC Road 130,Mysuru,Karnataka,775328,6988837300,EK475212,New,0,0
2021,KRT-F-BLU-XS-LT,Pre-Paid,ORD202101266,"?3,687.03",In-Transit,MG Road 42,Jaipur,Rajasthan,253704,9747477100,55610657,Existing,0,0
2021,JNS-U-BLU-XXL-LT,COD,ORD202101267,"?2,013.46",Delivered,MG Road 94,Noida,Uttar Pradesh,775369,7271987300,DL966551,Existing,1,0
2021,SHO-M-BLK-XXL-LT,COD,ORD202101268,"?4,797.46",Delivered,Marine Drive 183,Coimbatore,Tamil Nadu,736833,9259788700,BD561045,Existing,0,0
2021,SRE-M-GRN-XL-LT,COD,ORD202101269,"?2,538.93",Delivered,MG Road 19,Jaipur,Rajasthan,178677,9957754900,SF421147,Existing,0,0
2021,TSH-M-WHT-S-LT,Pre-Paid,ORD202101270,"?1,068.45",Returned-After-Delivery,Anna Salai 237,Gurugram,Haryana,650255,8221265100,SF558838,Existing,0,0
2021,DRS-M-BLU-L-LT,COD,ORD202101271,"?5,595.02",Delivered,Park Street 42,Gurugram,Haryana,435862,9966376900,DL340403,New,0,0
2021,SRE-F-BLK-L-LT,COD,ORD202101272,"?3,010.99",Returned-After-Delivery,Marine Drive 119,Kolkata,West Bengal,515674,6734146300,19718948,Existing,0,0
2021,KRT-F-RED-L-LT,Pre-Paid,ORD202101273,"?5,022.08",Delivered,Indiranagar 191,Coimbatore,Tamil Nadu,744582,9970563700,EK838020,New,0,0
2021,JKT-M-BLK-M-HV,COD,ORD202101274,"?3,275.81",Returned-Undelivered,Sector 15 64,Mysuru,Karnataka,341129,9167027500,DL624927,New,0,1
2021,TOP-F-PNK-S-MD,Pre-Paid,ORD202101275,"?1,801.05",Delivered,Brigade Rd 232,Hyderabad,Telangana,640582,9105566500,XB620591,Existing,0,0
2021,BAG-F-NVY-L-LT,COD,ORD202101276,"?1,493.01",Delivered,Marine Drive 223,Gurugram,Haryana,157399,9953681500,FX990151,Existing,1,0
2021,WAT-F-BLK-S-MD,COD,ORD202101277,"?5,755.28",In-Transit,FC Road 79,New Delhi,Delhi,413421,8566002900,53486912,New,0,0
2021,SRE-M-WHT-S-MD,COD,ORD202101278,"?2,422.50",Delivered,Indiranagar 74,Pune,Maharashtra,530305,6929557900,FX540795,New,0,0
2021,SHO-U-GRN-L-MD,Pre-Paid,ORD202101279,"?5,524.16",Delivered,Civil Lines 190,Ahmedabad,Gujarat,723023,9736020100,BD555582,New,0,0
2021,TSH-U-WHT-M-HV,Pre-Paid,ORD202101280,"?2,226.95",Delivered,Civil Lines 6,Kolkata,West Bengal,705463,8172013500,EZ661334,Existing,1,0
2021,BAG-U-NVY-M-LT,Pre-Paid,ORD202101281,?870.93,Delivered,Sector 15 167,Jaipur,Rajasthan,206614,7467758900,BD169385,New,0,0
2021,JKT-U-RED-XXL-HV,COD,ORD202101282,"?5,825.67",Delivered,MG Road 231,Mysuru,Karnataka,121334,7377598700,77587530,Existing,0,0
2021,BAG-M-GRN-L-LT,Pre-Paid,ORD202101283,"?1,442.36",Delivered,Camp 52,Ludhiana,Punjab,591995,9907344100,55916007,New,0,0
2021,KRT-F-GRY-M-HV,Pre-Paid,ORD202101284,"?3,748.48",Delivered,Rajaji Nagar 44,Kochi,Kerala,739284,7854710300,BD664812,Existing,0,0
2021,WAT-M-PNK-XS-MD,COD,ORD202101285,"?5,722.72",Returned-Undelivered,FC Road 206,Bengaluru,Karnataka,771238,7624682900,10578309,Existing,1,1
2021,DRS-F-BLK-XS-HV,COD,ORD202101286,"?4,386.13",Returned-Undelivered,Sector 15 97,Jaipur,Rajasthan,796402,6617581900,10139078,Existing,1,1
2021,KRT-M-GRY-S-MD,Pre-Paid,ORD202101287,"?5,161.45",Delivered,Linking Rd 45,New Delhi,Delhi,589075,9934783300,19682576,New,0,0
2021,DRS-U-GRN-L-MD,COD,ORD202101288,"?5,535.59",Returned-After-Delivery,Indiranagar 170,Coimbatore,Tamil Nadu,,9746934400,FX519977,New,0,0
2021,JNS-M-WHT-S-MD,Pre-Paid,ORD202101289,"?2,820.22",Delivered,Marine Drive 232,Mysuru,Karnataka,309091,9654621400,EZ825263,Existing,0,0
2021,DRS-U-NVY-XL-MD,COD,ORD202101290,"?5,012.47",Returned-Undelivered,Sector 15 203,Surat,Gujarat,309630,8544006000,XB605193,Existing,0,1
2021,TSH-M-WHT-XL-HV,Pre-Paid,ORD202101291,"?3,206.25",Delivered,Rajaji Nagar 48,Kochi,Kerala,617446,8273853000,BD659083,Existing,0,0
2021,BAG-F-RED-XL-MD,COD,ORD202101292,?949.58,Delivered,Indiranagar 234,Jaipur,Rajasthan,425558,6769103200,FX313820,New,0,0
2021,KRT-U-WHT-XS-HV,COD,ORD202101293,"?3,951.96",Returned-Undelivered,FC Road 108,Kolkata,West Bengal,778042,6949411000,EK174088,Existing,0,1
2021,TSH-M-BLK-XL-MD,Pre-Paid,ORD202101294,"?2,765.44",Delivered,Indiranagar 162,Ahmedabad,Gujarat,354028,9564734800,EK572008,Existing,0,0
2021,SHO-U-NVY-XXL-LT,Pre-Paid,ORD202101295,?595.51,Delivered,Indiranagar 181,Jaipur,Rajasthan,655175,6862633000,55586673,Existing,0,0
2021,SHO-F-PNK-XS-HV,Pre-Paid,ORD202101296,"?4,418.24",Delivered,Civil Lines 191,Kochi,Kerala,122020,7777793600,10873339,Existing,1,0
2021,WAT-U-GRY-XXL-HV,COD,ORD202101297,"?5,680.16",In-Transit,FC Road 65,New Delhi,Delhi,196251,7969160600,DL813095,Existing,0,0
2021,TSH-M-PNK-M-HV,Pre-Paid,ORD202101298,"?2,625.49",Delivered,Marine Drive 208,Ludhiana,Punjab,524722,8738679600,77399201,New,1,0
2021,WAT-M-RED-S-MD,COD,ORD202101299,"?3,083.95",Delivered,Indiranagar 19,Hyderabad,Telangana,593412,9180699400,EZ695990,Existing,0,0
2021,SHO-U-GRN-M-MD,COD,ORD202101300,"?1,141.37",Returned-Undelivered,Brigade Rd 17,Nagpur,Maharashtra,,9637650100,55343423,Existing,0,1
2021,WAT-U-BLU-XS-MD,COD,ORD202101301,"?2,145.75",Returned-After-Delivery,Anna Salai 144,Surat,Gujarat,,8120746800,13450580,Existing,1,0
2021,SRE-U-WHT-XXL-HV,Pre-Paid,ORD202101302,"?4,045.56",Delivered,Anna Salai 16,Gurugram,Haryana,,7590909500,10542880,Existing,0,0
2021,DRS-M-RED-S-HV,Pre-Paid,ORD202101303,"?1,612.02",Returned-Undelivered,Sector 15 58,Ahmedabad,Gujarat,290982,8484549300,SF733145,Existing,1,1
2021,SHO-F-BLK-M-HV,COD,ORD202101304,"?2,786.34",Returned-After-Delivery,Anna Salai 15,New Delhi,Delhi,346131,7662229100,77241556,New,0,0
2021,TOP-M-WHT-L-HV,COD,ORD202101305,"?1,322.53",In-Transit,Indiranagar 226,Ludhiana,Punjab,393651,6524160100,BD979857,New,0,0
2021,SHO-U-GRY-XXL-LT,COD,ORD202101306,"?2,217.60",Returned-Undelivered,Anna Salai 100,Gurugram,Haryana,142440,7658553500,EZ704008,New,0,1
2021,TOP-M-RED-S-LT,COD,ORD202101307,"?1,732.72",Delivered,Anna Salai 147,Gurugram,Haryana,591308,7605473300,EZ118287,Existing,0,0
2021,SHO-U-PNK-XL-HV,Pre-Paid,ORD202101308,"?1,942.15",Delivered,Linking Rd 60,Mysuru,Karnataka,,9780547600,EZ306343,Existing,0,0
2021,KRT-F-NVY-XL-HV,Pre-Paid,ORD202101309,"?4,513.00",Delivered,Brigade Rd 104,Surat,Gujarat,,9911820700,53939074,Existing,1,0
2021,SHO-M-PNK-XXL-MD,Pre-Paid,ORD202101310,"?2,861.05",Returned-Undelivered,Marine Drive 217,Hyderabad,Telangana,,7271041400,XB437305,New,0,1
2021,SRE-F-BLU-XS-HV,Pre-Paid,ORD202101311,"?2,215.23",Returned-Undelivered,MG Road 18,Jaipur,Rajasthan,294180,6492605200,85387904,Existing,0,1
2021,KRT-F-BLK-S-MD,COD,ORD202101312,"?2,309.61",Delivered,Rajaji Nagar 96,Ludhiana,Punjab,,7223327900,19985096,New,1,0
2021,SHO-M-WHT-M-MD,COD,ORD202101313,"?5,645.20",Returned-Undelivered,Marine Drive 208,Ludhiana,Punjab,764901,8792039700,EK524827,New,0,1
2021,TSH-M-BLU-XXL-LT,Pre-Paid,ORD202101314,?498.27,Delivered,Indiranagar 203,Kochi,Kerala,360874,6428509900,13813546,Existing,0,0
2021,TSH-F-WHT-XL-LT,COD,ORD202101315,"?2,129.05",Delivered,Linking Rd 75,Kolkata,West Bengal,739285,9151221700,SF350656,New,0,0
2021,WAT-F-BLK-XXL-MD,COD,ORD202101316,?901.35,Delivered,Brigade Rd 227,Coimbatore,Tamil Nadu,776748,7519701500,EZ690667,New,1,0
2021,SRE-M-GRN-S-LT,Pre-Paid,ORD202101317,"?2,002.99",Delivered,Sector 15 113,Coimbatore,Tamil Nadu,350233,6814755700,FX563499,Existing,0,0
2021,KRT-U-GRN-M-HV,COD,ORD202101318,"?3,211.61",Delivered,Anna Salai 86,Ludhiana,Punjab,247599,7544595500,85558745,Existing,0,0
2021,WAT-U-GRN-XXL-LT,COD,ORD202101319,"?2,219.84",Returned-Undelivered,Sector 15 186,Kochi,Kerala,,9276416200,13762274,Existing,1,1
2021,TSH-M-NVY-XL-HV,COD,ORD202101320,"?1,336.82",Delivered,Brigade Rd 48,Hyderabad,Telangana,793433,8236389600,19774879,Existing,0,0
2021,WAT-F-GRY-L-LT,Pre-Paid,ORD202101321,"?4,747.05",Delivered,Civil Lines 56,Jaipur,Rajasthan,137833,9870297400,FX283268,New,0,0
2021,JKT-F-WHT-XL-HV,COD,ORD202101322,"?5,094.87",Delivered,FC Road 19,Ludhiana,Punjab,742657,8917794000,19642655,Existing,1,0
2021,WAT-U-RED-XXL-MD,COD,ORD202101323,"?4,384.14",Returned-After-Delivery,Park Street 69,Bengaluru,Karnataka,636959,,53485287,Existing,1,0
2021,DRS-U-PNK-XXL-HV,Pre-Paid,ORD202101324,"?3,225.39",Returned-Undelivered,FC Road 76,Kolkata,West Bengal,115739,8977497300,77121383,New,0,1
2021,JNS-U-PNK-S-HV,COD,ORD202101325,"?4,999.08",Delivered,MG Road 159,Hyderabad,Telangana,,8124354000,10714655,New,1,0
2021,SHO-U-PNK-XXL-MD,COD,ORD202101326,"?2,283.99",Delivered,Rajaji Nagar 43,Ahmedabad,Gujarat,718964,6346393000,55985121,Existing,0,0
2021,KRT-U-NVY-XL-LT,Pre-Paid,ORD202101327,"?5,644.88",Delivered,Sector 15 3,Jaipur,Rajasthan,544387,9216798400,77483704,New,1,0
2021,DRS-F-RED-XS-LT,COD,ORD202101328,"?2,433.99",Returned-Undelivered,Sector 15 88,Pune,Maharashtra,408108,7791551000,55730007,Existing,0,1
2021,JNS-F-BLU-M-MD,COD,ORD202101329,"?4,884.88",Returned-Undelivered,Civil Lines 200,Surat,Gujarat,184360,9241562800,XB988017,New,1,1
2021,KRT-F-GRY-XXL-LT,COD,ORD202101330,"?4,984.01",Delivered,Civil Lines 212,Gurugram,Haryana,199660,7228363400,13483418,New,0,0
2021,BAG-U-PNK-L-MD,COD,ORD202101331,?761.44,Delivered,MG Road 53,Pune,Maharashtra,231531,6420061600,10188439,New,1,0
2021,TSH-U-NVY-S-HV,Pre-Paid,ORD202101332,"?1,974.11",Delivered,Rajaji Nagar 190,Ludhiana,Punjab,581144,6911179000,EK921980,Existing,0,0
2021,SRE-F-GRY-M-LT,Pre-Paid,ORD202101333,"?1,617.87",Delivered,MG Road 155,Kochi,Kerala,759559,7421843600,13195607,Existing,1,0
2021,SRE-U-NVY-M-LT,COD,ORD202101334,"?4,942.56",Returned-Undelivered,Civil Lines 231,Surat,Gujarat,365497,6183773800,SF609900,New,1,1
2021,SRE-M-RED-S-HV,COD,ORD202101335,"?5,257.73",Returned-Undelivered,Sector 15 242,Bengaluru,Karnataka,521855,6136950400,77832861,New,0,1
2021,JKT-F-GRY-S-HV,COD,ORD202101336,"?1,346.79",Returned-After-Delivery,Marine Drive 221,Lucknow,Uttar Pradesh,440555,8434416600,BD631036,Existing,1,0
2021,TOP-M-WHT-XL-HV,COD,ORD202101337,"?1,532.65",Returned-Undelivered,Indiranagar 98,Jaipur,Rajasthan,,6753976900,BD957040,Existing,0,1
2021,BAG-F-BLU-L-HV,Pre-Paid,ORD202101338,"?3,200.51",Returned-Undelivered,FC Road 249,Jaipur,Rajasthan,677984,6610795900,13418824,Existing,1,1
2021,WAT-U-BLK-M-MD,Pre-Paid,ORD202101339,"?3,654.26",Delivered,MG Road 68,Kochi,Kerala,561517,6209523700,53798708,New,1,0
2021,TOP-M-GRN-XS-LT,COD,ORD202101340,"?1,706.26",Returned-Undelivered,Marine Drive 125,Lucknow,Uttar Pradesh,395954,,85603638,Existing,0,1
2021,SHO-F-WHT-S-LT,Pre-Paid,ORD202101341,"?5,660.25",In-Transit,Sector 15 69,Hyderabad,Telangana,700599,,EZ764078,New,1,0
2021,WAT-F-GRY-XS-HV,Pre-Paid,ORD202101342,"?5,130.97",In-Transit,Civil Lines 157,Kochi,Kerala,389999,,EZ804296,New,1,0
2021,SHO-M-BLK-L-HV,Pre-Paid,ORD202101343,"?4,204.44",Returned-Undelivered,Camp 250,Ludhiana,Punjab,761431,9542162800,BD841411,Existing,1,1
2021,JKT-M-BLK-L-LT,Pre-Paid,ORD202101344,"?2,207.42",Delivered,Park Street 239,Chennai,Tamil Nadu,768340,8309392200,FX872491,Existing,0,0
2021,TOP-M-GRN-L-HV,Pre-Paid,ORD202101345,"?3,178.14",Delivered,Marine Drive 243,Nagpur,Maharashtra,309683,6956591200,DL944770,Existing,0,0
2021,WAT-M-NVY-M-LT,COD,ORD202101346,"?4,994.56",Delivered,Linking Rd 234,Kochi,Kerala,569253,7529679800,EK226619,New,0,0
2021,WAT-F-WHT-XXL-MD,Pre-Paid,ORD202101347,"?1,284.72",Delivered,Linking Rd 123,New Delhi,Delhi,699623,7182443600,SF473685,Existing,0,0
2021,BAG-F-BLU-XL-LT,COD,ORD202101348,"?4,539.36",Delivered,Rajaji Nagar 17,Mysuru,Karnataka,351134,7757685800,13172068,Existing,1,0
2021,BAG-M-GRY-M-LT,COD,ORD202101349,"?5,533.06",Delivered,MG Road 145,New Delhi,Delhi,449068,7917416000,DL739304,New,1,0
2021,SHO-M-BLK-XL-HV,COD,ORD202101350,"?3,012.38",Returned-Undelivered,Linking Rd 221,Chennai,Tamil Nadu,406761,9616763800,85145741,Existing,0,1
2021,DRS-F-GRN-M-LT,COD,ORD202101351,"?4,228.43",Returned-Undelivered,Sector 15 59,Lucknow,Uttar Pradesh,229425,8120228400,77330887,Existing,0,1
2021,SRE-M-GRN-M-HV,COD,ORD202101352,"?4,793.40",Delivered,Anna Salai 70,Kochi,Kerala,689725,6902024200,85137846,Existing,0,0
2021,SRE-U-RED-M-MD,COD,ORD202101353,?902.43,Delivered,Linking Rd 56,Bengaluru,Karnataka,176176,7328506400,55763604,Existing,0,0
2021,TSH-U-BLK-XS-HV,COD,ORD202101354,"?5,722.25",Delivered,Camp 158,Chennai,Tamil Nadu,448951,8775790200,55752262,Existing,0,0
2021,DRS-F-BLK-XL-HV,Pre-Paid,ORD202101355,"?4,506.18",Delivered,Rajaji Nagar 61,Nagpur,Maharashtra,763997,9482410000,DL263603,New,0,0
2021,SHO-U-WHT-XS-LT,Pre-Paid,ORD202101356,"?2,380.75",Delivered,Camp 105,Coimbatore,Tamil Nadu,586893,7124820200,DL497724,New,0,0
2021,TOP-U-GRY-L-LT,Pre-Paid,ORD202101357,"?5,815.69",Delivered,Linking Rd 64,Nagpur,Maharashtra,543339,9102016000,19560038,New,1,0
2021,SRE-M-BLK-L-HV,Pre-Paid,ORD202101358,"?2,449.03",Returned-Undelivered,Sector 15 30,Kolkata,West Bengal,348239,8622451800,DL739180,Existing,0,1
2021,SRE-F-BLU-M-MD,COD,ORD202101359,"?4,670.47",Delivered,Civil Lines 82,Ludhiana,Punjab,404111,8597890800,77774163,Existing,0,0
2021,DRS-M-GRN-M-MD,Pre-Paid,ORD202101360,"?3,640.90",Delivered,Sector 15 153,Kochi,Kerala,522524,7606464200,EK572309,New,0,0
2021,BAG-F-RED-M-LT,COD,ORD202101361,"?3,954.99",Returned-Undelivered,MG Road 108,Bengaluru,Karnataka,,7499338100,EK808183,Existing,0,1
2021,BAG-F-GRN-M-LT,COD,ORD202101362,"?5,238.07",Delivered,Sector 15 229,Kochi,Kerala,317548,6108851500,EZ928767,Existing,0,0
2021,JKT-M-WHT-XS-MD,COD,ORD202101363,"?4,919.00",Delivered,Rajaji Nagar 168,Noida,Uttar Pradesh,390504,7211608100,13809922,New,0,0
2021,SHO-M-BLU-XL-MD,Pre-Paid,ORD202101364,"?5,312.83",Delivered,Linking Rd 176,Bengaluru,Karnataka,509001,6491787100,19205466,New,0,0
2021,TOP-U-NVY-L-LT,COD,ORD202101365,"?1,388.26",Delivered,Anna Salai 12,Nagpur,Maharashtra,753805,9726188500,19938957,Existing,0,0
2021,KRT-U-BLU-S-HV,COD,ORD202101366,?443.83,Returned-Undelivered,Indiranagar 109,New Delhi,Delhi,435450,,BD264453,New,0,1
2021,WAT-M-BLU-XXL-HV,COD,ORD202101367,"?2,650.61",Delivered,Civil Lines 21,Gurugram,Haryana,484166,8526162600,DL928615,New,1,0
2021,TSH-M-RED-M-MD,Pre-Paid,ORD202101368,"?5,914.83",Delivered,FC Road 10,Hyderabad,Telangana,196584,6543736000,FX774814,New,1,0
2021,SRE-M-WHT-XS-HV,COD,ORD202101369,?799.32,Delivered,Camp 39,New Delhi,Delhi,689849,8100005400,EK104183,Existing,1,0
2021,TOP-U-BLK-XS-MD,Pre-Paid,ORD202101370,?307.01,Delivered,Rajaji Nagar 25,Kolkata,West Bengal,618628,9187879600,DL717585,Existing,0,0
2021,JNS-F-NVY-S-MD,COD,ORD202101371,"?5,360.48",Returned-Undelivered,Indiranagar 32,Kochi,Kerala,,8899271100,10412790,Existing,0,1
2021,KRT-F-BLU-S-LT,COD,ORD202101372,"?1,121.54",Returned-After-Delivery,Camp 28,Kolkata,West Bengal,692815,7388386100,FX913923,Existing,1,0
2021,JNS-U-GRN-XS-MD,Pre-Paid,ORD202101373,"?3,839.70",Delivered,FC Road 247,New Delhi,Delhi,670154,6342059500,EK531601,Existing,0,0
2021,SRE-M-GRY-L-MD,Pre-Paid,ORD202101374,?329.36,Delivered,MG Road 156,Kolkata,West Bengal,289190,6792028900,EZ508717,Existing,1,0
2021,JKT-M-NVY-M-LT,COD,ORD202101375,"?4,741.47",Delivered,Marine Drive 53,Jaipur,Rajasthan,743302,8154755100,DL640447,Existing,0,0
2021,SRE-M-BLU-L-LT,COD,ORD202101376,"?4,305.11",Delivered,FC Road 153,Kolkata,West Bengal,116390,7819198100,BD353611,Existing,0,0
2021,JKT-M-WHT-M-MD,COD,ORD202101377,"?1,017.20",Delivered,Park Street 56,Pune,Maharashtra,366284,7569773900,EZ976870,New,0,0
2021,TSH-U-BLU-XXL-HV,COD,ORD202101378,?469.03,Delivered,Civil Lines 136,Chennai,Tamil Nadu,372647,6761637700,10673878,New,1,0
2021,BAG-U-BLU-M-LT,Pre-Paid,ORD202101379,?766.19,Delivered,Civil Lines 90,New Delhi,Delhi,375665,7269343100,EZ968904,New,0,0
2021,DRS-F-BLU-M-HV,Pre-Paid,ORD202101380,"?4,638.85",Delivered,FC Road 3,Chennai,Tamil Nadu,541247,7586861300,XB610126,New,0,0
2021,SHO-F-PNK-XXL-HV,Pre-Paid,ORD202101381,?606.02,Delivered,Rajaji Nagar 97,Gurugram,Haryana,,,FX192803,Existing,0,0
2021,KRT-U-WHT-XS-LT,COD,ORD202101382,?705.27,Delivered,Linking Rd 119,Kolkata,West Bengal,390768,6497439100,FX661550,Existing,0,0
2021,TOP-M-GRY-XXL-LT,COD,ORD202101383,"?2,388.40",Delivered,Indiranagar 153,Bengaluru,Karnataka,174013,7816915700,85337563,Existing,0,0
2021,WAT-F-GRY-M-LT,COD,ORD202101384,"?2,161.53",Returned-Undelivered,Indiranagar 195,Hyderabad,Telangana,770916,9692598700,19845161,Existing,0,1
2021,SHO-U-NVY-XS-MD,Pre-Paid,ORD202101385,"?2,456.05",Delivered,Marine Drive 88,Kochi,Kerala,333163,6783489700,55128716,Existing,0,0
2021,JKT-U-NVY-S-LT,COD,ORD202101386,"?1,721.93",Returned-Undelivered,Rajaji Nagar 19,Mumbai,Maharashtra,199064,8512724700,19171626,New,1,1
2021,JKT-F-PNK-M-HV,COD,ORD202101387,"?1,332.26",Delivered,Brigade Rd 28,Kochi,Kerala,306267,8869007700,XB175843,Existing,0,0
2021,SHO-U-GRY-XL-LT,COD,ORD202101388,"?5,088.28",Delivered,Indiranagar 225,Kolkata,West Bengal,679499,6998188300,55892242,New,0,0
2021,JNS-U-GRY-S-LT,Pre-Paid,ORD202101389,"?1,578.30",Delivered,FC Road 225,Bengaluru,Karnataka,546008,7425700100,55786529,New,0,0
2021,JKT-U-BLU-XS-HV,COD,ORD202101390,"?1,651.47",Delivered,Civil Lines 145,Jaipur,Rajasthan,388593,8663312700,EK279705,New,0,0
2021,BAG-U-GRY-XS-LT,COD,ORD202101391,"?3,250.33",Delivered,Camp 202,Gurugram,Haryana,570205,6600382900,DL684358,Existing,0,0
2021,SRE-U-GRN-S-LT,COD,ORD202101392,"?4,259.04",Delivered,Anna Salai 63,Kochi,Kerala,,9502692400,55472987,New,0,0
2021,WAT-M-PNK-XXL-HV,COD,ORD202101393,"?1,821.01",Delivered,Civil Lines 225,Pune,Maharashtra,639250,8642190600,10929962,New,0,0
2021,KRT-F-GRN-M-HV,Pre-Paid,ORD202101394,"?5,707.94",Delivered,Indiranagar 47,Mumbai,Maharashtra,434909,6904391200,10592359,New,1,0
2021,SHO-M-GRY-XS-MD,COD,ORD202101395,"?4,976.23",Delivered,Linking Rd 100,Bengaluru,Karnataka,264804,7269659000,13711827,New,0,0
2021,TOP-M-PNK-XL-LT,COD,ORD202101396,"?5,527.98",Returned-Undelivered,Marine Drive 189,Jaipur,Rajasthan,727565,6482179600,SF977959,New,1,1
2021,JNS-F-PNK-XL-HV,COD,ORD202101397,?321.82,Delivered,Linking Rd 132,Kolkata,West Bengal,629949,8238580200,EZ674326,Existing,0,0
2021,JKT-U-BLU-L-HV,COD,ORD202101398,"?2,569.70",Delivered,Camp 69,Noida,Uttar Pradesh,248571,6248723200,53257350,New,0,0
2021,SRE-U-PNK-M-LT,Pre-Paid,ORD202101399,"?4,590.78",Delivered,Anna Salai 224,Coimbatore,Tamil Nadu,210283,7621587800,BD432344,New,0,0
2021,KRT-F-GRN-S-MD,COD,ORD202101400,"?4,934.95",Delivered,Linking Rd 100,Lucknow,Uttar Pradesh,664168,,85196461,Existing,0,0
2021,WAT-M-GRY-S-MD,COD,ORD202101401,"?4,719.71",Delivered,Indiranagar 174,Jaipur,Rajasthan,575511,9616872700,19266500,Existing,1,0
2021,KRT-M-GRY-XL-HV,COD,ORD202101402,?305.21,Delivered,Anna Salai 72,Chennai,Tamil Nadu,605654,6438570100,10762219,Existing,0,0
2021,WAT-F-BLU-XS-HV,Pre-Paid,ORD202101403,"?1,403.66",Delivered,Anna Salai 170,Surat,Gujarat,625961,8799590700,BD210092,New,0,0
2021,SRE-F-BLK-XXL-LT,COD,ORD202101404,"?1,371.68",Delivered,Brigade Rd 99,Gurugram,Haryana,699712,,EZ701563,New,1,0
2021,SHO-F-BLK-M-HV,Pre-Paid,ORD202101405,"?5,973.42",Delivered,Linking Rd 188,Chennai,Tamil Nadu,157971,9155634400,85436133,Existing,0,0
2021,WAT-M-WHT-L-HV,Pre-Paid,ORD202101406,"?1,920.94",Delivered,Rajaji Nagar 128,Coimbatore,Tamil Nadu,272123,9398668600,FX919115,Existing,0,0
2021,TSH-U-GRN-L-HV,Pre-Paid,ORD202101407,?980.66,Delivered,Marine Drive 14,New Delhi,Delhi,294257,7949877200,SF848747,New,0,0
2021,TOP-U-PNK-XXL-HV,COD,ORD202101408,"?3,895.31",Returned-Undelivered,Anna Salai 193,Hyderabad,Telangana,547005,6190412200,XB489934,Existing,0,1
2021,SRE-M-GRY-XL-MD,Pre-Paid,ORD202101409,"?5,496.04",Delivered,Rajaji Nagar 87,Ludhiana,Punjab,510826,6668728000,DL419307,Existing,0,0
2021,KRT-U-PNK-L-MD,COD,ORD202101410,"?1,580.35",In-Transit,Brigade Rd 84,Chennai,Tamil Nadu,514445,7130533400,SF228196,Existing,0,0
2021,BAG-M-PNK-S-LT,COD,ORD202101411,"?2,024.49",Delivered,Brigade Rd 97,Gurugram,Haryana,113880,7433313200,10222743,New,1,0
2021,JNS-U-GRN-XL-MD,COD,ORD202101412,"?3,873.19",Delivered,Anna Salai 24,Bengaluru,Karnataka,183453,,19498384,Existing,0,0
2021,BAG-M-GRY-M-LT,Pre-Paid,ORD202101413,"?2,663.55",Delivered,Linking Rd 244,Coimbatore,Tamil Nadu,347882,9352789300,55862947,Existing,1,0
2021,JKT-M-BLU-L-HV,COD,ORD202101414,"?4,452.57",Delivered,Anna Salai 158,Chennai,Tamil Nadu,689408,8675217900,DL194180,Existing,0,0
2021,WAT-M-RED-XS-LT,COD,ORD202101415,"?1,257.77",Delivered,Rajaji Nagar 168,Chennai,Tamil Nadu,705354,6275299300,EZ808065,Existing,1,0
2021,JKT-U-WHT-S-HV,COD,ORD202101416,"?4,253.36",Delivered,Rajaji Nagar 95,Ludhiana,Punjab,530142,9782537500,BD388620,Existing,0,0
2021,JNS-F-WHT-XS-MD,Pre-Paid,ORD202101417,"?2,233.41",Delivered,Rajaji Nagar 39,Ludhiana,Punjab,,6805310200,19111952,New,1,0
2021,WAT-U-GRY-XS-HV,Pre-Paid,ORD202101418,?566.88,Delivered,Brigade Rd 55,Gurugram,Haryana,148342,9796070800,13585904,Existing,0,0
2021,JKT-U-BLK-L-MD,COD,ORD202101419,"?3,572.73",Returned-Undelivered,FC Road 206,Coimbatore,Tamil Nadu,,7725052700,55187653,Existing,0,1
2021,TOP-U-GRY-S-HV,Pre-Paid,ORD202101420,"?3,012.62",Delivered,Brigade Rd 98,Hyderabad,Telangana,310738,9557866900,53602040,New,0,0
2021,SRE-U-GRY-L-LT,COD,ORD202101421,"?5,921.21",Delivered,Indiranagar 114,Noida,Uttar Pradesh,700884,8371226700,EK432723,Existing,0,0
2021,SRE-M-GRN-XS-MD,COD,ORD202101422,"?4,646.72",Returned-Undelivered,Camp 137,Kochi,Kerala,786293,6470066500,FX450448,New,0,1
2021,BAG-U-WHT-L-MD,Pre-Paid,ORD202101423,"?5,045.66",In-Transit,Park Street 210,Surat,Gujarat,171867,8848107900,77936763,Existing,1,0
2021,WAT-F-PNK-L-MD,Pre-Paid,ORD202101424,"?3,198.62",Delivered,Rajaji Nagar 132,Kolkata,West Bengal,612875,,BD488072,Existing,0,0
2021,KRT-M-GRN-XS-HV,COD,ORD202101425,?936.93,Delivered,Anna Salai 243,Noida,Uttar Pradesh,333565,6734431600,10911164,New,1,0
2021,TOP-M-NVY-XXL-HV,COD,ORD202101426,"?5,325.00",Returned-Undelivered,Sector 15 75,Kolkata,West Bengal,760038,6964304200,SF565195,Existing,0,1
2021,JNS-F-GRN-S-LT,Pre-Paid,ORD202101427,"?1,852.46",Delivered,Sector 15 223,Jaipur,Rajasthan,710876,,10766683,New,0,0
2021,JKT-F-PNK-XXL-MD,Pre-Paid,ORD202101428,"?5,970.04",Delivered,Rajaji Nagar 231,Chennai,Tamil Nadu,616400,7630793900,19809794,Existing,0,0
2021,JKT-U-PNK-S-MD,COD,ORD202101429,"?1,968.68",Delivered,Anna Salai 233,Mumbai,Maharashtra,560586,,55462494,New,0,0
2021,JKT-F-GRN-XS-MD,COD,ORD202101430,"?4,831.78",Returned-Undelivered,Park Street 202,Lucknow,Uttar Pradesh,701205,6496021600,XB511791,Existing,0,1
2021,SRE-F-NVY-XL-HV,COD,ORD202101431,"?3,240.97",Returned-After-Delivery,Anna Salai 56,Gurugram,Haryana,130525,7722985400,SF255707,New,0,0
2021,JKT-M-BLK-XL-MD,COD,ORD202101432,"?4,755.43",Delivered,Marine Drive 90,Kolkata,West Bengal,398717,7223570000,55222088,New,0,0
2021,TSH-U-GRY-XXL-HV,COD,ORD202101433,"?5,173.02",Delivered,MG Road 221,Jaipur,Rajasthan,,9898471900,EZ979581,Existing,1,0
2021,JNS-M-WHT-XL-MD,COD,ORD202101434,"?1,183.79",Delivered,Sector 15 18,Noida,Uttar Pradesh,698804,7664930900,XB994397,New,0,0
2021,WAT-F-GRN-L-HV,COD,ORD202101435,"?4,694.29",Returned-Undelivered,Indiranagar 70,Gurugram,Haryana,720612,8422821900,85167173,New,0,1
2021,TOP-F-RED-L-LT,COD,ORD202101436,?872.04,Returned-Undelivered,Anna Salai 227,Ludhiana,Punjab,380541,9248580100,85657333,Existing,0,1
2021,SHO-U-BLK-XS-MD,Pre-Paid,ORD202101437,"?3,259.15",Delivered,FC Road 133,Gurugram,Haryana,283537,6796714300,13844243,Existing,0,0
2021,TSH-M-NVY-S-LT,COD,ORD202101438,"?4,814.96",Delivered,Anna Salai 171,Bengaluru,Karnataka,324102,9342162100,BD196198,Existing,1,0
2021,WAT-F-GRY-XL-LT,COD,ORD202101439,?814.23,In-Transit,Anna Salai 43,Mumbai,Maharashtra,383181,9802427500,SF497876,Existing,0,0
2021,TOP-F-NVY-XXL-LT,COD,ORD202101440,"?5,072.67",Returned-After-Delivery,Rajaji Nagar 205,Nagpur,Maharashtra,,6967803400,77221194,Existing,0,0
2021,WAT-U-GRY-XL-HV,Pre-Paid,ORD202101441,"?5,741.14",Delivered,Camp 241,Kochi,Kerala,701370,8857965600,85847873,Existing,0,0
2021,KRT-U-NVY-S-LT,COD,ORD202101442,"?1,565.35",Returned-Undelivered,FC Road 130,Surat,Gujarat,646699,6751367800,BD246937,New,0,1
2021,JKT-F-RED-XXL-LT,COD,ORD202101443,?660.45,Delivered,Sector 15 162,Noida,Uttar Pradesh,694622,8327581200,13981530,Existing,0,0
2021,JKT-M-NVY-XL-LT,COD,ORD202101444,"?4,169.00",Delivered,Indiranagar 204,Nagpur,Maharashtra,237808,9807034600,53106505,Existing,1,0
2021,JKT-F-RED-M-HV,Pre-Paid,ORD202101445,"?5,026.27",In-Transit,Indiranagar 163,Ahmedabad,Gujarat,687035,7101555200,13997971,Existing,0,0
2021,SRE-U-RED-XXL-HV,Pre-Paid,ORD202101446,"?1,840.91",Delivered,Linking Rd 142,Kolkata,West Bengal,387188,7184461400,FX192383,Existing,1,0
2021,WAT-U-BLK-S-MD,COD,ORD202101447,"?2,834.80",In-Transit,Rajaji Nagar 117,Ludhiana,Punjab,136855,6733250800,EZ117523,New,0,0
2021,TSH-F-NVY-XS-HV,COD,ORD202101448,"?3,604.42",Delivered,Park Street 193,Lucknow,Uttar Pradesh,371409,6195776200,77383784,Existing,0,0
2021,KRT-U-PNK-M-MD,COD,ORD202101449,?561.98,Delivered,Marine Drive 76,Hyderabad,Telangana,386499,9489080800,13822169,New,0,0
2021,KRT-U-NVY-XXL-HV,COD,ORD202101450,"?3,112.01",Delivered,Brigade Rd 230,Mysuru,Karnataka,155983,6292511800,XB346052,New,0,0
2021,SHO-F-BLK-M-LT,Pre-Paid,ORD202101451,"?5,029.94",Delivered,MG Road 212,Jaipur,Rajasthan,,7754948900,55546345,Existing,1,0
2021,KRT-M-RED-XXL-HV,COD,ORD202101452,"?3,412.96",Delivered,Sector 15 13,Kolkata,West Bengal,629381,7466270300,BD446176,New,0,0
2021,JNS-U-WHT-L-MD,Pre-Paid,ORD202101453,"?5,091.71",Delivered,Linking Rd 78,Hyderabad,Telangana,369658,7496594900,DL526887,New,0,0
2021,TOP-F-WHT-M-HV,COD,ORD202101454,"?4,172.08",Delivered,Anna Salai 145,Mysuru,Karnataka,698201,7864700300,XB438958,Existing,0,0
2021,WAT-U-GRN-XXL-LT,COD,ORD202101455,"?4,452.37",Delivered,Marine Drive 194,Jaipur,Rajasthan,188732,6252871300,77869848,New,0,0
2021,SRE-F-PNK-XS-HV,COD,ORD202101456,?556.89,Delivered,Rajaji Nagar 185,Mysuru,Karnataka,735580,7224890300,DL167990,New,1,0
2021,WAT-U-BLK-XS-HV,Pre-Paid,ORD202101457,"?5,407.94",Delivered,MG Road 218,Chennai,Tamil Nadu,,7757451800,FX199741,Existing,0,0
2021,WAT-M-GRY-L-LT,COD,ORD202101458,"?3,488.79",Delivered,FC Road 94,Gurugram,Haryana,265879,6814049200,85639652,Existing,1,0
2021,TSH-M-GRY-XXL-HV,COD,ORD202101459,"?3,338.39",Returned-Undelivered,Sector 15 68,Mysuru,Karnataka,621829,6794629000,DL717850,New,1,1
2021,JKT-M-WHT-XXL-MD,Pre-Paid,ORD202101460,"?3,227.48",Returned-After-Delivery,Sector 15 119,Kolkata,West Bengal,765380,,SF451107,Existing,0,0
2021,SRE-M-NVY-S-MD,COD,ORD202101461,"?2,946.31",Returned-Undelivered,Brigade Rd 152,Jaipur,Rajasthan,718023,9535134700,13366174,Existing,0,1
2021,KRT-F-RED-XS-MD,COD,ORD202101462,"?4,898.48",Delivered,Marine Drive 218,Coimbatore,Tamil Nadu,325976,6345398500,DL585325,Existing,0,0
2021,JNS-F-GRN-M-LT,Pre-Paid,ORD202101463,"?5,352.14",Delivered,Park Street 88,Kochi,Kerala,361319,8878268700,SF911800,New,1,0
2021,SHO-U-BLU-XXL-HV,COD,ORD202101464,"?2,042.62",Delivered,Anna Salai 185,Nagpur,Maharashtra,558872,8565412500,XB621970,Existing,1,0
2021,DRS-U-GRN-XXL-LT,Pre-Paid,ORD202101465,?540.41,Delivered,Linking Rd 190,Ahmedabad,Gujarat,522875,9825114700,85673779,New,1,0
2021,SRE-F-BLU-S-MD,COD,ORD202101466,"?3,506.36",Delivered,Anna Salai 103,Kochi,Kerala,593889,7149522500,19463177,New,1,0
2021,SHO-M-GRN-XXL-LT,COD,ORD202101467,"?4,890.62",Returned-Undelivered,Brigade Rd 4,Bengaluru,Karnataka,714284,,10489046,New,0,1
2021,DRS-M-BLU-XL-HV,COD,ORD202101468,"?1,552.17",Returned-Undelivered,Park Street 234,Kolkata,West Bengal,258660,6456419800,DL498037,New,0,1
2021,KRT-U-NVY-S-MD,COD,ORD202101469,"?5,456.43",Returned-Undelivered,Anna Salai 140,Lucknow,Uttar Pradesh,755425,8503455600,10796079,New,1,1
2021,JNS-U-RED-XS-MD,COD,ORD202101470,"?5,459.98",Delivered,Anna Salai 84,Mysuru,Karnataka,257145,9440605000,XB851122,New,0,0
2021,JNS-M-WHT-XXL-LT,COD,ORD202101471,"?1,723.32",Returned-After-Delivery,Linking Rd 242,Kochi,Kerala,318206,7132680800,SF941775,Existing,0,0
2021,TSH-U-GRY-XXL-LT,Pre-Paid,ORD202101472,"?4,532.73",Delivered,Indiranagar 89,Ahmedabad,Gujarat,632181,8403420600,SF462318,Existing,1,0
2021,TOP-M-BLU-XS-LT,COD,ORD202101473,"?4,804.67",Returned-After-Delivery,Indiranagar 106,Chennai,Tamil Nadu,327841,8879634000,BD157346,Existing,0,0
2021,BAG-F-WHT-S-MD,COD,ORD202101474,"?2,369.17",Returned-After-Delivery,Brigade Rd 128,Gurugram,Haryana,667496,6709301800,13498430,New,1,0
2021,TSH-F-NVY-XL-LT,COD,ORD202101475,"?5,062.47",Delivered,MG Road 220,Kolkata,West Bengal,319370,9734132800,10993953,New,0,0
2021,KRT-M-BLK-XXL-MD,Pre-Paid,ORD202101476,"?2,758.48",Delivered,Anna Salai 194,Ludhiana,Punjab,145820,8215810200,DL467264,Existing,0,0
2021,SRE-M-NVY-XXL-MD,COD,ORD202101477,"?2,058.23",In-Transit,Indiranagar 182,Kochi,Kerala,347332,6751812400,DL112065,Existing,0,0
2021,TSH-F-GRN-S-LT,COD,ORD202101478,"?5,310.32",Delivered,Brigade Rd 31,Chennai,Tamil Nadu,593368,9286165000,FX196771,Existing,1,0
2021,SHO-U-PNK-XL-LT,COD,ORD202101479,"?5,845.47",In-Transit,Civil Lines 27,Nagpur,Maharashtra,777458,7632461600,10544090,New,1,0
2021,KRT-U-RED-XS-HV,COD,ORD202101480,"?1,026.18",Delivered,Park Street 197,Kolkata,West Bengal,,6990837100,EK453870,Existing,0,0
2021,BAG-M-BLU-S-LT,COD,ORD202101481,"?3,506.58",Delivered,Brigade Rd 77,Pune,Maharashtra,263600,9813139300,XB293322,New,0,0
2021,JKT-U-PNK-XL-LT,COD,ORD202101482,?445.76,Returned-Undelivered,Sector 15 137,Lucknow,Uttar Pradesh,,8475213600,10144346,Existing,0,1
2021,DRS-M-GRY-XL-HV,COD,ORD202101483,?880.99,Returned-After-Delivery,Civil Lines 36,Mysuru,Karnataka,290328,7146164600,EZ452627,Existing,1,0
2021,JNS-U-GRN-M-LT,COD,ORD202101484,?395.24,Delivered,Brigade Rd 234,Kochi,Kerala,532820,6141878800,FX561741,New,0,0
2021,WAT-U-BLU-XS-HV,Pre-Paid,ORD202101485,"?5,736.18",Delivered,FC Road 60,Kochi,Kerala,769891,7561716200,19459132,New,1,0
2021,DRS-F-GRN-S-MD,COD,ORD202101486,"?2,305.59",Delivered,Indiranagar 217,Hyderabad,Telangana,546518,6152531200,DL998317,Existing,1,0
2021,JKT-M-PNK-L-LT,COD,ORD202101487,?710.76,Delivered,MG Road 167,Gurugram,Haryana,505315,8601312600,DL324229,New,0,0
2021,WAT-F-BLU-M-LT,COD,ORD202101488,"?5,133.40",Returned-Undelivered,Rajaji Nagar 209,Lucknow,Uttar Pradesh,,7901346500,85704493,New,0,1
2021,DRS-F-NVY-L-LT,COD,ORD202101489,"?1,855.31",Delivered,Park Street 129,Pune,Maharashtra,351134,8807759100,77154353,New,0,0
2021,JKT-U-RED-XL-HV,Pre-Paid,ORD202101490,"?3,472.41",In-Transit,Anna Salai 171,Bengaluru,Karnataka,240717,8120387700,55598519,Existing,0,0
2021,KRT-U-RED-XXL-MD,COD,ORD202101491,"?1,724.32",Delivered,Civil Lines 132,Lucknow,Uttar Pradesh,318696,9963750700,10933778,Existing,0,0
2021,SHO-U-WHT-XL-LT,Pre-Paid,ORD202101492,"?4,930.31",Returned-Undelivered,Brigade Rd 4,Kolkata,West Bengal,532434,8361598500,10976501,Existing,0,1
2021,TOP-M-BLK-XL-HV,COD,ORD202101493,"?1,437.20",Returned-Undelivered,Civil Lines 204,Kolkata,West Bengal,775550,,10825049,New,0,1
2021,KRT-F-GRN-XS-MD,Pre-Paid,ORD202101494,"?2,351.77",In-Transit,Park Street 165,Gurugram,Haryana,187336,7836371000,53840606,Existing,0,0
2021,JNS-M-WHT-S-MD,COD,ORD202101495,"?5,774.13",Returned-Undelivered,Indiranagar 231,New Delhi,Delhi,167121,6743208400,10988715,New,1,1
2021,JKT-U-GRN-XS-LT,COD,ORD202101496,"?3,358.69",Delivered,Camp 132,Noida,Uttar Pradesh,452282,8974117800,DL477146,Existing,0,0
2021,JKT-U-NVY-M-MD,COD,ORD202101497,"?4,153.94",Returned-Undelivered,FC Road 26,Gurugram,Haryana,673114,7718724800,53562789,Existing,0,1
2021,KRT-F-GRN-L-LT,COD,ORD202101498,?701.19,Returned-Undelivered,Rajaji Nagar 228,Hyderabad,Telangana,760063,6850648600,FX938519,Existing,0,1
2021,SRE-M-GRY-M-HV,Pre-Paid,ORD202101499,"?4,545.98",Delivered,Brigade Rd 211,Ludhiana,Punjab,206042,7231310000,77990609,Existing,0,0
2021,TSH-F-PNK-XS-HV,COD,ORD202101500,"?2,365.47",Delivered,Rajaji Nagar 108,Surat,Gujarat,609508,9350072200,BD628051,Existing,0,0
2021,BAG-M-BLK-XL-LT,COD,ORD202101501,"?2,536.92",Delivered,Park Street 132,Mysuru,Karnataka,423671,7433079200,SF585130,Existing,0,0
2021,SRE-F-GRN-M-HV,Pre-Paid,ORD202101502,?926.40,In-Transit,Marine Drive 216,Chennai,Tamil Nadu,620932,8533611000,13153251,New,0,0
2021,JKT-M-WHT-L-LT,COD,ORD202101503,?896.66,Delivered,Rajaji Nagar 171,Jaipur,Rajasthan,210651,6611117200,SF521104,New,1,0
2021,TSH-F-NVY-XXL-MD,COD,ORD202101504,"?5,039.59",Delivered,Linking Rd 93,Mysuru,Karnataka,289807,9496714600,55718937,New,0,0
2021,JKT-M-BLK-XL-LT,COD,ORD202101505,"?1,326.65",Delivered,Sector 15 210,Ahmedabad,Gujarat,358905,7159587200,10524067,Existing,0,0
2021,SHO-M-BLK-XS-MD,COD,ORD202101506,?488.05,Returned-Undelivered,Civil Lines 192,Mumbai,Maharashtra,630001,7973783000,EZ694165,New,0,1
2021,WAT-M-RED-XL-LT,Pre-Paid,ORD202101507,"?5,247.40",In-Transit,Brigade Rd 49,Jaipur,Rajasthan,723321,8386585200,FX587395,New,1,0
2021,SRE-F-GRN-L-MD,Pre-Paid,ORD202101508,"?1,715.31",Returned-Undelivered,Camp 67,Kochi,Kerala,501173,8448093000,55238603,Existing,1,1
2021,WAT-M-BLK-XXL-MD,Pre-Paid,ORD202101509,"?5,856.14",Returned-Undelivered,Anna Salai 181,Hyderabad,Telangana,684689,8780162400,19545775,New,1,1
2021,SHO-M-BLU-S-MD,COD,ORD202101510,"?4,113.94",Delivered,Rajaji Nagar 233,Bengaluru,Karnataka,434301,9169507000,77742024,Existing,0,0
2021,WAT-U-RED-XS-LT,COD,ORD202101511,"?2,129.59",Delivered,FC Road 10,Kochi,Kerala,309161,7372005200,10372021,New,0,0
2021,TSH-F-BLU-M-LT,COD,ORD202101512,"?3,289.19",Delivered,Park Street 164,Noida,Uttar Pradesh,707284,6349071400,SF751063,Existing,0,0
2021,BAG-M-WHT-M-MD,COD,ORD202101513,"?4,523.66",Delivered,Brigade Rd 4,Ludhiana,Punjab,521137,,EZ656573,New,1,0
2021,SRE-M-GRN-XL-MD,COD,ORD202101514,"?2,259.25",Returned-Undelivered,Linking Rd 27,Ludhiana,Punjab,586057,9962303500,10672152,Existing,0,1
2021,JNS-M-BLK-L-MD,COD,ORD202101515,"?3,154.96",Delivered,Anna Salai 236,New Delhi,Delhi,140620,7394423300,10171995,New,0,0
2021,SHO-U-GRY-XS-LT,COD,ORD202101516,"?4,733.67",Delivered,Sector 15 107,Nagpur,Maharashtra,437257,7254698300,10397843,Existing,1,0
2021,SRE-F-BLK-S-LT,COD,ORD202101517,"?1,772.53",Delivered,Rajaji Nagar 156,Jaipur,Rajasthan,438697,9762066100,10601183,New,0,0
2021,BAG-M-BLK-M-LT,COD,ORD202101518,"?3,447.00",Delivered,Marine Drive 58,Kolkata,West Bengal,,6479998000,19811847,New,0,0
2021,WAT-M-BLK-L-MD,Pre-Paid,ORD202101519,"?1,366.83",Delivered,FC Road 243,New Delhi,Delhi,,8402211900,10778003,New,0,0
2021,BAG-M-GRN-XL-HV,COD,ORD202101520,"?5,081.63",Returned-Undelivered,Linking Rd 202,Ludhiana,Punjab,144724,9409266100,XB543756,New,0,1
2021,BAG-F-RED-M-HV,Pre-Paid,ORD202101521,"?4,194.47",Returned-After-Delivery,MG Road 172,Mysuru,Karnataka,559114,7535969900,SF127796,Existing,1,0
2021,WAT-M-BLU-XL-MD,COD,ORD202101522,"?1,709.21",Delivered,FC Road 237,New Delhi,Delhi,371173,,85670013,Existing,0,0
2021,JNS-M-NVY-XXL-HV,Pre-Paid,ORD202101523,"?5,171.32",Delivered,Linking Rd 83,New Delhi,Delhi,205719,8923284000,53767924,New,0,0
2021,SHO-U-BLU-XXL-LT,Pre-Paid,ORD202101524,"?2,619.62",Delivered,Linking Rd 22,Bengaluru,Karnataka,618613,,85662958,New,1,0
2021,DRS-U-GRN-S-HV,COD,ORD202101525,"?2,203.15",Returned-Undelivered,Sector 15 235,Chennai,Tamil Nadu,,9989749000,FX554006,Existing,1,1
2021,TOP-U-RED-XXL-HV,COD,ORD202101526,"?4,753.62",Delivered,Linking Rd 190,Gurugram,Haryana,,7387838900,19400851,Existing,0,0
2021,JKT-U-BLK-XXL-LT,COD,ORD202101527,"?3,934.37",Delivered,Camp 172,New Delhi,Delhi,,7786718000,13675393,New,0,0
2021,SRE-M-GRY-XL-LT,COD,ORD202101528,"?4,422.40",Delivered,Park Street 243,Pune,Maharashtra,272413,8520078600,BD887165,New,0,0
2021,BAG-M-RED-XS-MD,Pre-Paid,ORD202101529,"?4,035.70",Delivered,Civil Lines 91,Pune,Maharashtra,228417,6810445600,55688551,New,1,0
2021,DRS-U-PNK-XS-HV,Pre-Paid,ORD202101530,"?3,933.63",Delivered,Park Street 201,Hyderabad,Telangana,,6415470700,13177332,New,1,0
2021,JKT-M-RED-L-HV,Pre-Paid,ORD202101531,"?4,762.23",Delivered,FC Road 156,Ahmedabad,Gujarat,208621,9289958500,DL206807,Existing,0,0
2021,SHO-U-GRN-M-MD,COD,ORD202101532,?315.53,Returned-Undelivered,Park Street 211,Jaipur,Rajasthan,,8421127200,19206727,Existing,0,1
2021,TOP-M-BLU-L-LT,Pre-Paid,ORD202101533,"?1,967.73",Delivered,Camp 34,Hyderabad,Telangana,,7319278700,EZ816404,Existing,1,0
2021,TSH-M-BLK-XXL-MD,COD,ORD202101534,"?2,203.15",Delivered,Rajaji Nagar 11,Jaipur,Rajasthan,787425,9835430500,55183191,New,1,0
2021,TSH-M-GRN-S-HV,COD,ORD202101535,"?4,531.89",Delivered,Civil Lines 40,Coimbatore,Tamil Nadu,122921,7495660700,85300981,New,1,0
2021,KRT-M-RED-M-HV,COD,ORD202101536,"?2,727.90",Delivered,MG Road 198,Jaipur,Rajasthan,570288,6382330900,XB517167,New,0,0
2021,DRS-U-BLK-M-LT,COD,ORD202101537,"?2,752.01",Returned-Undelivered,Brigade Rd 86,Noida,Uttar Pradesh,222080,7907972300,FX449514,New,0,1
2021,JNS-U-BLU-M-HV,Pre-Paid,ORD202101538,"?4,002.67",Delivered,Marine Drive 44,New Delhi,Delhi,301925,8605685700,SF441318,Existing,0,0
2021,TOP-M-GRY-XL-HV,COD,ORD202101539,"?1,390.19",Delivered,Civil Lines 198,Kolkata,West Bengal,574628,9696879100,EK263793,New,0,0
2021,BAG-U-BLU-L-LT,COD,ORD202101540,"?5,436.13",Delivered,FC Road 241,Ludhiana,Punjab,567368,6454870900,XB232529,New,1,0
2021,BAG-F-GRN-XS-HV,COD,ORD202101541,"?3,488.86",Returned-Undelivered,MG Road 19,Coimbatore,Tamil Nadu,525674,9561990700,19553964,Existing,0,1
2021,SHO-M-WHT-XS-MD,COD,ORD202101542,"?5,749.65",Returned-Undelivered,Anna Salai 26,Ludhiana,Punjab,564715,6196977700,19943266,Existing,0,1
2021,SRE-M-WHT-XS-LT,COD,ORD202101543,"?2,276.24",Returned-After-Delivery,Indiranagar 135,Gurugram,Haryana,182482,7149700700,85796500,Existing,0,0
2021,JNS-U-GRN-XXL-HV,COD,ORD202101544,"?1,179.23",Returned-After-Delivery,Marine Drive 181,Kochi,Kerala,700416,7477702100,DL913498,Existing,1,0
2021,SRE-F-NVY-XL-HV,COD,ORD202101545,?991.03,Delivered,Marine Drive 238,Hyderabad,Telangana,723991,7581999500,19757659,Existing,0,0
2021,DRS-M-GRY-L-MD,COD,ORD202101546,"?2,670.33",Returned-Undelivered,Indiranagar 6,Kochi,Kerala,378399,,10197441,New,0,1
2021,JKT-M-BLU-L-MD,COD,ORD202101547,?924.00,Delivered,Civil Lines 47,Bengaluru,Karnataka,577375,8272958400,13113739,Existing,0,0
2021,WAT-U-RED-L-MD,Pre-Paid,ORD202101548,?387.82,Returned-Undelivered,Camp 114,Pune,Maharashtra,291173,8984741400,BD319261,Existing,0,1
2021,JKT-M-BLK-XS-HV,Pre-Paid,ORD202101549,"?3,709.13",Returned-Undelivered,Anna Salai 149,Mumbai,Maharashtra,,,SF144506,New,0,1
2021,SHO-U-WHT-L-LT,Pre-Paid,ORD202101550,"?4,882.81",Returned-Undelivered,Linking Rd 183,Surat,Gujarat,204091,9745796800,XB490328,Existing,1,1
2021,TOP-U-NVY-L-MD,COD,ORD202101551,"?3,233.99",Delivered,MG Road 47,Ludhiana,Punjab,158296,9318539800,SF236720,New,0,0
2021,TSH-F-WHT-XXL-HV,COD,ORD202101552,"?5,701.67",Delivered,FC Road 59,Mumbai,Maharashtra,535343,8598625200,BD207479,Existing,0,0
2021,SRE-U-WHT-S-MD,COD,ORD202101553,?627.20,Returned-After-Delivery,FC Road 194,Jaipur,Rajasthan,538455,8209470600,DL656909,New,1,0
2021,BAG-M-BLU-XXL-HV,COD,ORD202101554,?343.74,Delivered,Brigade Rd 12,Kolkata,West Bengal,611483,9993296800,EK203300,Existing,1,0
2021,JNS-M-GRY-XS-MD,Pre-Paid,ORD202101555,"?1,793.17",Delivered,FC Road 1,Hyderabad,Telangana,335482,9979838200,85823945,New,1,0
2021,BAG-U-PNK-XL-LT,COD,ORD202101556,"?1,461.74",Returned-Undelivered,Linking Rd 242,New Delhi,Delhi,667574,6489638800,55925744,Existing,0,1
2021,DRS-M-GRN-XS-HV,Pre-Paid,ORD202101557,"?1,447.04",Returned-After-Delivery,Rajaji Nagar 146,Coimbatore,Tamil Nadu,110032,6874513000,EZ538937,Existing,1,0
2021,TSH-M-BLK-M-LT,COD,ORD202101558,"?2,988.31",Returned-After-Delivery,Linking Rd 105,Lucknow,Uttar Pradesh,,7893502100,53878520,Existing,0,0
2021,TOP-M-GRN-M-MD,COD,ORD202101559,"?4,506.88",Returned-Undelivered,Brigade Rd 241,Jaipur,Rajasthan,525790,9544372300,XB814842,New,0,1
2021,SRE-U-NVY-L-MD,Pre-Paid,ORD202101560,"?3,131.71",Delivered,Civil Lines 70,Hyderabad,Telangana,733964,9240242500,77722435,Existing,0,0
2021,JKT-M-GRY-XS-MD,COD,ORD202101561,"?2,912.31",Delivered,Linking Rd 151,Coimbatore,Tamil Nadu,295029,9881631100,13110260,Existing,0,0
2021,BAG-M-BLK-L-MD,COD,ORD202101562,"?2,849.88",Returned-After-Delivery,Camp 81,Noida,Uttar Pradesh,433983,8250534900,85313831,New,0,0
2021,TSH-U-RED-L-MD,Pre-Paid,ORD202101563,"?1,031.02",Delivered,Linking Rd 230,Mumbai,Maharashtra,636272,9593353900,55513788,New,1,0
2021,SRE-U-BLK-XS-LT,Pre-Paid,ORD202101564,"?2,248.11",Delivered,Civil Lines 239,Kochi,Kerala,143231,7645940900,DL943525,Existing,1,0
2021,WAT-U-BLK-S-MD,Pre-Paid,ORD202101565,?744.99,Delivered,Anna Salai 59,Nagpur,Maharashtra,645874,9638465500,EK975319,New,0,0
2021,SHO-U-RED-XXL-MD,COD,ORD202101566,"?3,165.02",Returned-After-Delivery,Indiranagar 41,Gurugram,Haryana,606775,6557103700,77298819,Existing,0,0
2021,JKT-F-BLK-S-HV,COD,ORD202101567,"?5,087.91",Delivered,Camp 209,Ludhiana,Punjab,647395,6254514700,19457822,New,0,0
2021,WAT-U-GRY-XS-MD,COD,ORD202101568,"?1,073.78",Returned-Undelivered,Linking Rd 209,Gurugram,Haryana,680343,8838058500,DL139278,Existing,1,1
2021,JKT-U-BLK-XS-LT,Pre-Paid,ORD202101569,"?5,257.52",Delivered,Camp 12,Hyderabad,Telangana,571945,7162077500,85616896,Existing,0,0
2021,TSH-U-BLU-XS-MD,Pre-Paid,ORD202101570,"?5,875.80",Delivered,Indiranagar 46,Ludhiana,Punjab,,8674479000,55704231,Existing,0,0
2021,BAG-F-WHT-XL-MD,Pre-Paid,ORD202101571,"?3,290.16",In-Transit,MG Road 148,Ahmedabad,Gujarat,437639,6316702000,53744916,Existing,0,0
2021,SHO-F-NVY-S-HV,Pre-Paid,ORD202101572,"?5,298.65",Delivered,Marine Drive 186,Nagpur,Maharashtra,746603,7594785800,DL138192,New,0,0
2021,BAG-M-GRN-XL-HV,COD,ORD202101573,"?4,552.25",Delivered,Anna Salai 159,Jaipur,Rajasthan,289402,8461677600,55475028,Existing,0,0
2021,SRE-F-GRN-XS-MD,COD,ORD202101574,"?5,315.86",Returned-After-Delivery,Linking Rd 60,Jaipur,Rajasthan,762177,6785524600,XB499398,Existing,0,0
2021,KRT-F-PNK-S-HV,COD,ORD202101575,?510.52,Returned-Undelivered,Camp 1,Ahmedabad,Gujarat,,8418694500,10674634,New,0,1
2021,BAG-M-RED-L-MD,Pre-Paid,ORD202101576,"?1,291.37",Delivered,Brigade Rd 235,New Delhi,Delhi,491657,9123334300,85367567,New,0,0
2021,WAT-U-WHT-XXL-LT,Pre-Paid,ORD202101577,"?3,775.24",Delivered,Anna Salai 132,Ludhiana,Punjab,215595,7390510100,FX685243,New,0,0
2021,TOP-U-GRN-S-MD,Pre-Paid,ORD202101578,"?4,439.57",Delivered,MG Road 16,Ahmedabad,Gujarat,122013,9106871500,DL797533,Existing,0,0
2021,TSH-U-GRY-S-LT,COD,ORD202101579,"?1,271.77",Delivered,Camp 24,Kochi,Kerala,612723,6305071300,19779430,New,0,0
2021,JKT-M-RED-S-HV,Pre-Paid,ORD202101580,?668.98,In-Transit,Park Street 98,Kolkata,West Bengal,568401,9492687100,XB897451,New,0,0
2021,TSH-M-BLK-XS-HV,COD,ORD202101581,"?2,985.03",Returned-Undelivered,Linking Rd 14,Kolkata,West Bengal,112741,7201603700,EZ740043,New,0,1
2021,TSH-M-GRN-XS-LT,COD,ORD202101582,"?1,178.21",Delivered,Civil Lines 179,Hyderabad,Telangana,394563,8212301100,53546476,New,0,0
2021,KRT-F-GRN-S-HV,COD,ORD202101583,"?5,271.76",Delivered,Anna Salai 64,Pune,Maharashtra,644115,8716299300,EZ409026,Existing,0,0
2021,DRS-M-BLK-XL-MD,COD,ORD202101584,"?2,881.44",Delivered,Brigade Rd 242,Noida,Uttar Pradesh,601030,8618507100,19893613,New,0,0
2021,TOP-F-WHT-M-LT,Pre-Paid,ORD202101585,"?5,393.76",Delivered,Marine Drive 87,Jaipur,Rajasthan,539012,9308358100,DL343834,Existing,0,0
2021,SRE-M-GRY-M-MD,COD,ORD202101586,?997.59,Returned-After-Delivery,MG Road 97,Ahmedabad,Gujarat,656293,,10148504,Existing,1,0
2021,KRT-M-RED-L-HV,COD,ORD202101587,"?5,556.24",Delivered,FC Road 74,Kolkata,West Bengal,179639,8785938600,53167316,Existing,0,0
2021,TSH-U-PNK-XXL-LT,COD,ORD202101588,"?5,967.72",Delivered,Sector 15 207,Surat,Gujarat,195126,8308785600,EZ121285,Existing,0,0
2021,KRT-M-GRN-S-MD,Pre-Paid,ORD202101589,"?3,596.24",Delivered,Linking Rd 177,Surat,Gujarat,745181,8136984600,19711632,New,1,0
2021,KRT-F-GRN-XS-HV,COD,ORD202101590,"?5,252.60",Delivered,Rajaji Nagar 11,Jaipur,Rajasthan,792354,8154817200,19869131,Existing,0,0
2021,TSH-U-GRY-S-LT,Pre-Paid,ORD202101591,"?1,145.22",Delivered,Park Street 39,Kolkata,West Bengal,429203,9602821000,BD138163,Existing,0,0
2021,DRS-M-GRN-XS-LT,Pre-Paid,ORD202101592,"?5,447.66",Returned-After-Delivery,Rajaji Nagar 105,Hyderabad,Telangana,123957,8149629600,55975025,Existing,0,0
2021,JNS-M-RED-XS-HV,Pre-Paid,ORD202101593,?884.09,Delivered,Anna Salai 40,Kochi,Kerala,271229,6171191800,85346326,New,0,0
2021,BAG-M-WHT-XS-LT,Pre-Paid,ORD202101594,"?2,852.72",In-Transit,Linking Rd 217,Chennai,Tamil Nadu,378901,8244781200,77315991,New,1,0
2021,BAG-M-GRY-S-MD,COD,ORD202101595,"?4,784.60",Returned-After-Delivery,FC Road 234,Jaipur,Rajasthan,404446,9252721000,55622514,Existing,0,0
2021,JNS-F-BLK-S-HV,Pre-Paid,ORD202101596,"?5,371.91",Delivered,Civil Lines 184,Ahmedabad,Gujarat,,7729457300,10761592,New,1,0
2021,DRS-U-PNK-XXL-MD,Pre-Paid,ORD202101597,"?1,605.99",Delivered,Sector 15 147,Bengaluru,Karnataka,702518,9273997900,10387277,Existing,0,0
2021,WAT-F-GRY-L-HV,COD,ORD202101598,?446.41,Returned-Undelivered,FC Road 94,Kolkata,West Bengal,,6815357800,77602412,Existing,0,1
2021,SRE-F-BLK-XS-HV,COD,ORD202101599,"?3,973.27",Delivered,Indiranagar 212,Kochi,Kerala,730157,6788348800,53226966,Existing,0,0
2021,DRS-F-GRY-XS-HV,COD,ORD202101600,"?1,055.32",Delivered,Rajaji Nagar 49,Gurugram,Haryana,362480,6266627800,EK798824,New,0,0
